Time (UTC),Machines > Drill Press > MIB > X-Horizontal > Damage Accumulation,Machines > Drill Press > MIB > Y-Radial > Damage Accumulation
2/29/2020 5:00,0.368139323,0.357996448
2/29/2020 5:10,0.372728021,0.367204741
2/29/2020 5:20,0.368682851,0.366004395
2/29/2020 5:30,0.371778343,0.3426309
2/29/2020 5:40,0.366145971,0.371334463
2/29/2020 5:49,0.370650403,0.390537949
2/29/2020 5:59,0.369848334,0.349009388
2/29/2020 6:10,0.372736072,0.361353164
2/29/2020 6:20,0.369447668,0.354088359
2/29/2020 6:30,0.368486562,0.381118962
2/29/2020 6:40,0.373341383,0.361486843
2/29/2020 6:50,0.372828919,0.36482932
2/29/2020 6:59,0.379481035,0.397960684
2/29/2020 7:09,0.374557259,0.354339512
2/29/2020 7:20,0.371962251,0.365720049
2/29/2020 7:30,0.369970761,0.373174065
2/29/2020 7:40,0.373968048,0.356816545
2/29/2020 7:50,0.373632439,0.372718527
2/29/2020 8:00,0.376242547,0.359519171
2/29/2020 8:09,0.372202323,0.367681039
2/29/2020 8:19,0.380489401,0.384395734
2/29/2020 8:30,0.375488137,0.324182864
2/29/2020 8:40,0.37516455,0.345392771
2/29/2020 8:50,0.371864412,0.389674896
2/29/2020 9:00,0.370737472,0.347987394
2/29/2020 9:10,0.375358049,0.343664395
2/29/2020 9:19,0.37413633,0.341825266
2/29/2020 9:29,0.369014844,0.354910481
2/29/2020 9:40,0.374436623,0.374624228
2/29/2020 9:50,0.371017192,0.366651048
2/29/2020 10:00,0.371358202,0.385913928
2/29/2020 10:10,0.374998607,0.390227881
2/29/2020 10:20,0.373674756,0.395698386
2/29/2020 10:29,0.376044799,0.347951112
2/29/2020 10:39,0.370198442,0.378395398
2/29/2020 10:50,0.376312634,0.371223665
2/29/2020 11:00,0.372583745,0.366471944
2/29/2020 11:10,0.371219908,0.364339449
2/29/2020 11:20,0.370404029,0.38627791
2/29/2020 11:30,0.373294208,0.376067346
2/29/2020 11:39,0.374612954,0.382180583
2/29/2020 11:49,0.376446491,0.345704082
2/29/2020 12:00,0.373913865,0.380679089
2/29/2020 12:10,0.371270007,0.354433168
2/29/2020 12:20,0.373021047,0.345978402
2/29/2020 12:30,0.372737778,0.368801766
2/29/2020 12:40,0.37360107,0.367787764
2/29/2020 12:49,0.375769043,0.394975928
2/29/2020 12:59,0.373763066,0.340043985
2/29/2020 13:10,0.375890973,0.360962548
2/29/2020 13:20,0.376000286,0.377191787
2/29/2020 13:30,0.378723492,0.37388162
2/29/2020 13:40,0.37076085,0.352500747
2/29/2020 13:50,0.37895816,0.377190025
2/29/2020 13:59,0.371618638,0.360293281
2/29/2020 14:09,0.372382289,0.383677877
2/29/2020 14:20,0.372434679,0.370572593
2/29/2020 14:30,0.372298674,0.369623378
2/29/2020 14:40,0.371391678,0.36628854
2/29/2020 14:50,0.371351785,0.363016838
2/29/2020 15:00,0.373696522,0.369074961
2/29/2020 15:09,0.373158454,0.367805949
2/29/2020 15:19,0.372520378,0.357730745
2/29/2020 15:30,0.372753527,0.377977912
2/29/2020 15:40,0.3757627,0.375576569
2/29/2020 15:50,0.372124404,0.369795749
2/29/2020 16:00,0.372606201,0.341791352
2/29/2020 16:10,0.373131817,0.361458346
2/29/2020 16:19,0.376577785,0.394162603
2/29/2020 16:29,0.37357799,0.40285153
2/29/2020 16:40,0.375940451,0.348390349
2/29/2020 16:50,0.37550346,0.327481019
2/29/2020 17:00,0.371702852,0.368817829
2/29/2020 17:10,0.377449566,0.400909267
2/29/2020 17:20,0.374279289,0.361564392
2/29/2020 17:29,0.373835124,0.38837351
2/29/2020 17:39,0.373768461,0.232020901
2/29/2020 17:50,0.373503076,0.359477948
2/29/2020 18:00,0.372118966,0.380200861
2/29/2020 18:10,0.373987648,0.344971205
2/29/2020 18:20,0.381776119,0.327047145
2/29/2020 18:30,0.373625797,0.377586082
2/29/2020 18:40,0.373803831,0.327250398
2/29/2020 18:49,0.371239568,0.392466332
2/29/2020 18:59,0.376532732,0.351213697
2/29/2020 19:10,0.374600895,0.370433689
2/29/2020 19:20,0.371202073,0.373510747
2/29/2020 19:30,0.370566091,0.360671179
2/29/2020 19:40,0.376542563,0.345649863
2/29/2020 19:50,0.376517377,0.34961452
2/29/2020 19:59,0.378930483,0.341783753
2/29/2020 20:09,0.372497877,0.375850452
2/29/2020 20:20,0.372224965,0.369474389
2/29/2020 20:30,0.37194545,0.360852025
2/29/2020 20:40,0.377256142,0.354109864
2/29/2020 20:50,0.370909238,0.369271728
2/29/2020 21:00,0.374119378,0.352446775
2/29/2020 21:09,0.374047234,0.382335385
2/29/2020 21:20,0.383344194,0.390505756
2/29/2020 21:30,0.373097568,0.355351627
2/29/2020 21:40,0.370789094,0.358778556
2/29/2020 21:50,0.372083593,0.365988058
2/29/2020 22:00,0.37468082,0.363727421
2/29/2020 22:10,0.372887991,0.392923163
2/29/2020 22:19,0.370798196,0.372107499
2/29/2020 22:29,0.379238212,0.329767077
2/29/2020 22:40,0.372950802,0.376704209
2/29/2020 22:50,0.374578188,0.378083452
2/29/2020 23:00,0.371048485,0.368406651
2/29/2020 23:10,0.37054162,0.37041362
2/29/2020 23:20,0.370581766,0.355173064
2/29/2020 23:29,0.374541204,0.369374628
2/29/2020 23:39,0.372605863,0.362677653
2/29/2020 23:50,0.37178687,0.381526348
3/1/2020 0:00,0.376060123,0.363172762
3/1/2020 0:10,0.373337074,0.358770672
3/1/2020 0:20,0.373085166,0.359652642
3/1/2020 0:30,0.373756264,0.370780836
3/1/2020 0:39,0.375479104,0.359908729
3/1/2020 0:50,0.372677936,0.368123105
3/1/2020 1:00,0.372666288,0.336442566
3/1/2020 1:10,0.373025119,0.386643936
3/1/2020 1:20,0.37250784,0.365134485
3/1/2020 1:30,0.372826558,0.372350591
3/1/2020 1:39,0.372808897,0.358831747
3/1/2020 1:49,0.37377072,0.372785935
3/1/2020 2:00,0.37692959,0.361508715
3/1/2020 2:10,0.369681408,0.381517881
3/1/2020 2:30,0.372757781,0.371489656
3/1/2020 2:40,0.372218716,0.361363135
3/1/2020 2:49,0.374770458,0.376177465
3/1/2020 2:59,0.370502592,0.361788137
3/1/2020 3:10,0.371211533,0.379692699
3/1/2020 3:20,0.374425605,0.37974483
3/1/2020 3:30,0.373589438,0.370923718
3/1/2020 3:40,0.374138271,0.340686902
3/1/2020 3:50,0.371017166,0.357617927
3/1/2020 4:00,0.372769097,0.34288506
3/1/2020 4:09,0.374200404,0.348758815
3/1/2020 4:20,0.373514399,0.375339122
3/1/2020 4:30,0.380960223,0.383711828
3/1/2020 4:40,0.369419472,0.318528065
3/1/2020 4:50,0.371777385,0.37176612
3/1/2020 5:00,0.373363677,0.353028993
3/1/2020 5:10,0.372696447,0.385213693
3/1/2020 5:19,0.376782283,0.354579632
3/1/2020 5:30,0.372171894,0.360470255
3/1/2020 5:40,0.37189509,0.391327447
3/1/2020 5:50,0.373673807,0.368076615
3/1/2020 6:00,0.373602252,0.346283261
3/1/2020 6:10,0.37443714,0.374108545
3/1/2020 6:20,0.383744628,0.295581
3/1/2020 6:29,0.374705978,0.382635991
3/1/2020 6:39,0.374539221,0.358187801
3/1/2020 6:50,0.37472109,0.379390341
3/1/2020 7:00,0.380311809,0.407813887
3/1/2020 7:10,0.371699473,0.3535964
3/1/2020 7:20,0.374660124,0.401526849
3/1/2020 7:30,0.373484433,0.375160389
3/1/2020 7:39,0.372321499,0.394200936
3/1/2020 7:49,0.372877537,0.211449291
3/1/2020 8:00,0.371749109,0.356932048
3/1/2020 8:10,0.375630465,0.367653408
3/1/2020 8:20,0.372035017,0.36854835
3/1/2020 8:30,0.372654294,0.38370377
3/1/2020 8:40,0.371066711,0.382337061
3/1/2020 8:50,0.369941161,0.339057011
3/1/2020 8:59,0.374668927,0.340114906
3/1/2020 9:10,0.372309241,0.373181123
3/1/2020 9:20,0.3737422,0.333400304
3/1/2020 9:30,0.371041786,0.355653318
3/1/2020 9:40,0.372296164,0.366653525
3/1/2020 9:50,0.376658678,0.36248895
3/1/2020 10:00,0.370746449,0.358117166
3/1/2020 10:09,0.381766975,0.364321416
3/1/2020 10:20,0.372882795,0.389967614
3/1/2020 10:30,0.373199563,0.390605348
3/1/2020 10:40,0.378350771,0.34598371
3/1/2020 10:50,0.372502093,0.37331583
3/1/2020 11:00,0.372459262,0.359189472
3/1/2020 11:10,0.372453361,0.383364556
3/1/2020 11:19,0.371976021,0.3716283
3/1/2020 11:30,0.375925838,0.35953299
3/1/2020 11:40,0.374376111,0.365163352
3/1/2020 11:50,0.372656361,0.374690217
3/1/2020 12:00,0.372900954,0.379226293
3/1/2020 12:10,0.370311167,0.353787012
3/1/2020 12:20,0.37371316,0.361478252
3/1/2020 12:29,0.369866595,0.381861373
3/1/2020 12:39,0.371546628,0.385967898
3/1/2020 12:50,0.37216021,0.383175065
3/1/2020 13:00,0.372295457,0.354204353
3/1/2020 13:10,0.372043566,0.359312271
3/1/2020 13:20,0.370035977,0.383077977
3/1/2020 13:30,0.376210297,0.356015429
3/1/2020 13:39,0.370607119,0.375605988
3/1/2020 13:49,0.369773341,0.366136064
3/1/2020 14:00,0.37452116,0.385082697
3/1/2020 14:10,0.369340109,0.37686812
3/1/2020 14:20,0.373099773,0.362376754
3/1/2020 14:30,0.373040143,0.368423437
3/1/2020 14:40,0.375693315,0.382180415
3/1/2020 14:50,0.376860213,0.361665482
3/1/2020 14:59,0.372943013,0.367021663
3/1/2020 15:10,0.372721152,0.382704695
3/1/2020 15:20,0.376511761,0.376209618
3/1/2020 15:30,0.369881362,0.356321597
3/1/2020 15:40,0.373385848,0.357275428
3/1/2020 15:50,0.364104902,0.399298939
3/1/2020 16:00,0.380300735,0.400527811
3/1/2020 16:09,0.372538965,0.358334556
3/1/2020 16:20,0.372076935,0.367241949
3/1/2020 16:30,0.377052421,0.352015594
3/1/2020 16:40,0.373687143,0.35888091
3/1/2020 16:50,0.375164391,0.364257086
3/1/2020 17:00,0.380541281,0.360803286
3/1/2020 17:09,0.373111381,0.378286078
3/1/2020 17:19,0.372763841,0.366479891
3/1/2020 17:30,0.371232397,0.378724344
3/1/2020 17:40,0.375994038,0.3480379
3/1/2020 17:50,0.373184254,0.387615594
3/1/2020 18:00,0.373637897,0.364736261
3/1/2020 18:10,0.376547764,0.364327481
3/1/2020 18:19,0.376865682,0.352115759
3/1/2020 18:29,0.372671719,0.387582083
3/1/2020 18:40,0.371327598,0.376325645
3/1/2020 18:50,0.375406403,0.395377462
3/1/2020 19:00,0.371021666,0.342879422
3/1/2020 19:10,0.371473894,0.371346327
3/1/2020 19:20,0.373165153,0.382156855
3/1/2020 19:30,0.377833249,0.356454899
3/1/2020 19:39,0.376608295,0.37510369
3/1/2020 19:50,0.374761574,0.338663499
3/1/2020 20:00,0.370435912,0.369790039
3/1/2020 20:10,0.372819939,0.380680394
3/1/2020 20:20,0.374350337,0.354681538
3/1/2020 20:30,0.373011968,0.368777882
3/1/2020 20:40,0.375746344,0.378329112
3/1/2020 20:49,0.370822202,0.348184843
3/1/2020 21:00,0.371611265,0.37755131
3/1/2020 21:10,0.377789583,0.358082741
3/1/2020 21:20,0.373188453,0.375210943
3/1/2020 21:30,0.373391788,0.339403713
3/1/2020 21:40,0.374732944,0.344532284
3/1/2020 21:50,0.372630217,0.358361761
3/1/2020 21:59,0.369527756,0.36673839
3/1/2020 22:10,0.372266992,0.377001387
3/1/2020 22:20,0.372185758,0.366888115
3/1/2020 22:30,0.371762336,0.374973913
3/1/2020 22:40,0.368575308,0.366736097
3/1/2020 22:50,0.373721928,0.366124279
3/1/2020 23:00,0.372033158,0.382358662
3/1/2020 23:09,0.372394447,0.375233278
3/1/2020 23:20,0.373148452,0.348119229
3/1/2020 23:30,0.368956895,0.374436881
3/1/2020 23:40,0.373199446,0.363711791
3/1/2020 23:50,0.374397741,0.384392238
3/2/2020 0:00,0.38821936,0.28158236
3/2/2020 0:10,0.372118253,0.357942916
3/2/2020 0:19,0.374252276,0.362853537
3/2/2020 0:30,0.374325837,0.381862903
3/2/2020 0:40,0.371705879,0.371774054
3/2/2020 0:50,0.373468643,0.376508926
3/2/2020 1:00,0.374466544,0.370060588
3/2/2020 1:10,0.373606239,0.353965964
3/2/2020 1:19,0.378260483,0.388026698
3/2/2020 1:30,0.372680256,0.372878603
3/2/2020 1:40,0.374059964,0.397450099
3/2/2020 1:50,0.372288069,0.376196755
3/2/2020 2:00,0.373938852,0.364722677
3/2/2020 2:10,0.376493517,0.352295738
3/2/2020 2:20,0.370473014,0.345971928
3/2/2020 2:29,0.372942474,0.370419575
3/2/2020 2:40,0.378682507,0.416471212
3/2/2020 2:50,0.372774671,0.379394768
3/2/2020 3:00,0.374280135,0.361245073
3/2/2020 3:10,0.379157509,0.405633384
3/2/2020 3:20,0.374022608,0.361123368
3/2/2020 3:30,0.371424917,0.363884019
3/2/2020 3:39,0.368659257,0.355073584
3/2/2020 3:49,0.375465318,0.384301666
3/2/2020 4:00,0.373117842,0.367229099
3/2/2020 4:10,0.373662176,0.370233315
3/2/2020 4:20,0.376453244,0.363018042
3/2/2020 4:30,0.371377826,0.376710921
3/2/2020 4:40,0.374651783,0.370333459
3/2/2020 4:50,0.371137466,0.368593404
3/2/2020 4:59,0.373910396,0.365742173
3/2/2020 5:10,0.371519277,0.331261178
3/2/2020 5:20,0.375385659,0.355969957
3/2/2020 5:30,0.374144033,0.335498758
3/2/2020 5:40,0.372138274,0.345614583
3/2/2020 5:50,0.372129107,0.373192401
3/2/2020 5:59,0.377582807,0.371308727
3/2/2020 6:09,0.377144733,0.345689259
3/2/2020 6:20,0.373964736,0.369469134
3/2/2020 6:30,0.37512524,0.331595679
3/2/2020 6:40,0.372735684,0.381033717
3/2/2020 6:50,0.371345029,0.3599535
3/2/2020 7:00,0.374743202,0.394476141
3/2/2020 7:09,0.3750462,0.388322875
3/2/2020 7:19,0.370555521,0.359895566
3/2/2020 7:30,0.372018336,0.372111419
3/2/2020 7:40,0.370798992,0.360342994
3/2/2020 7:50,0.3747187,0.357782893
3/2/2020 8:00,0.369957678,0.381860321
3/2/2020 8:10,0.37326658,0.366042238
3/2/2020 8:20,0.371427804,0.372252336
3/2/2020 8:29,0.372936086,0.360721395
3/2/2020 8:40,0.374018923,0.362045697
3/2/2020 8:50,0.372714014,0.392644324
3/2/2020 9:00,0.377831048,0.350414394
3/2/2020 9:10,0.37273794,0.337967815
3/2/2020 9:20,0.372136353,0.376332906
3/2/2020 9:30,0.369880514,0.358320929
3/2/2020 9:39,0.371143247,0.381078453
3/2/2020 9:50,0.374207591,0.367180752
3/2/2020 10:00,0.371945307,0.310549426
3/2/2020 10:10,0.37254224,0.371428482
3/2/2020 10:20,0.373012318,0.361465002
3/2/2020 10:30,0.375290321,0.332729832
3/2/2020 10:40,0.373750547,0.363082395
3/2/2020 10:49,0.372809156,0.35033296
3/2/2020 11:00,0.375480365,0.372715273
3/2/2020 11:10,0.37428123,0.401072042
3/2/2020 11:20,0.375907702,0.392844019
3/2/2020 11:30,0.372916721,0.368251673
3/2/2020 11:40,0.371503732,0.380306937
3/2/2020 11:50,0.373476663,0.350749618
3/2/2020 11:59,0.37541686,0.361726089
3/2/2020 12:09,0.375655098,0.349988068
3/2/2020 12:20,0.375717615,0.348503907
3/2/2020 12:30,0.37504735,0.362712119
3/2/2020 12:40,0.374406416,0.389810523
3/2/2020 12:50,0.374297248,0.358497781
3/2/2020 13:00,0.373318816,0.369253786
3/2/2020 13:09,0.371541759,0.363792562
3/2/2020 13:19,0.370502865,0.361347331
3/2/2020 13:30,0.372531033,0.366869435
3/2/2020 13:40,0.374937488,0.339715151
3/2/2020 13:50,0.370571078,0.393708033
3/2/2020 14:00,0.3757292,0.343381568
3/2/2020 14:10,0.375570419,0.364363254
3/2/2020 14:20,0.376555294,0.373198008
3/2/2020 14:29,0.372585218,0.376935882
3/2/2020 14:40,0.373491071,0.381435036
3/2/2020 14:50,0.372243552,0.367265855
3/2/2020 15:00,0.377370071,0.314917919
3/2/2020 15:10,0.379514529,0.387155884
3/2/2020 15:20,0.37406174,0.364629243
3/2/2020 15:30,0.371181945,0.373458099
3/2/2020 15:39,0.373575356,0.365076297
3/2/2020 15:50,0.375619226,0.381097956
3/2/2020 16:00,0.376679069,0.363399489
3/2/2020 16:10,0.372231936,0.369552492
3/2/2020 16:20,0.3748299,0.344576741
3/2/2020 16:30,0.376122991,0.374288585
3/2/2020 16:40,0.375648884,0.364585028
3/2/2020 16:49,0.3755919,0.363524524
3/2/2020 17:00,0.377292089,0.364992766
3/2/2020 17:10,0.372699889,0.351421845
3/2/2020 17:20,0.370939629,0.374585676
3/2/2020 17:30,0.377158221,0.386865038
3/2/2020 17:40,0.377380563,0.396032052
3/2/2020 17:50,0.372774634,0.374285179
3/2/2020 17:59,0.373999578,0.355154305
3/2/2020 18:10,0.377921283,0.382002819
3/2/2020 18:20,0.377101083,0.352667859
3/2/2020 18:30,0.374382444,0.377006649
3/2/2020 18:40,0.374656575,0.382135346
3/2/2020 18:50,0.3765509,0.384784776
3/2/2020 19:00,0.375608508,0.360072244
3/2/2020 19:09,0.373701906,0.38760323
3/2/2020 19:20,0.375027523,0.365487951
3/2/2020 19:30,0.373487596,0.392220962
3/2/2020 19:40,0.377162318,0.380133421
3/2/2020 19:50,0.375029721,0.380770871
3/2/2020 20:00,0.37331842,0.352676477
3/2/2020 20:10,0.376226666,0.359256876
3/2/2020 20:19,0.372882161,0.349885986
3/2/2020 20:30,0.374667947,0.373516294
3/2/2020 20:40,0.374555419,0.368114673
3/2/2020 20:50,0.373516269,0.366215867
3/2/2020 21:00,0.376169646,0.351358944
3/2/2020 21:10,0.376555025,0.358140281
3/2/2020 21:20,0.371013045,0.357012933
3/2/2020 21:29,0.372065173,0.366058125
3/2/2020 21:40,0.375011676,0.364254362
3/2/2020 21:50,0.376053672,0.344845383
3/2/2020 22:00,0.373227978,0.365616169
3/2/2020 22:10,0.375495191,0.365119401
3/2/2020 22:20,0.374826744,0.351844708
3/2/2020 22:30,0.373725222,0.361422838
3/2/2020 22:39,0.374596282,0.360415147
3/2/2020 22:50,0.372773,0.395116856
3/2/2020 23:00,0.375851737,0.35630392
3/2/2020 23:10,0.374124804,0.37918449
3/2/2020 23:20,0.375149054,0.367135617
3/2/2020 23:30,0.375219759,0.370861532
3/2/2020 23:40,0.372498148,0.355466363
3/2/2020 23:49,0.375005975,0.371972674
3/3/2020 0:00,0.375610258,0.371634355
3/3/2020 0:10,0.374990748,0.361428591
3/3/2020 0:20,0.373401257,0.369531553
3/3/2020 0:30,0.372006941,0.357424623
3/3/2020 0:40,0.374049163,0.358768964
3/3/2020 0:50,0.372599369,0.374177526
3/3/2020 0:59,0.379281114,0.311026021
3/3/2020 1:10,0.376231592,0.35682379
3/3/2020 1:20,0.373619433,0.367213687
3/3/2020 1:40,0.375699096,0.35359431
3/3/2020 1:50,5.736944429,7.416605434
3/3/2020 2:00,0.371639645,0.359024871
3/3/2020 2:09,0.37264311,0.370112066
3/3/2020 2:20,0.376635271,0.350231747
3/3/2020 2:30,0.371264048,0.358505367
3/3/2020 2:40,0.373342784,0.365437579
3/3/2020 2:50,0.375346772,0.369520653
3/3/2020 3:00,0.373300143,0.343468088
3/3/2020 3:10,0.373216151,0.346458952
3/3/2020 3:19,0.375370862,0.34453143
3/3/2020 3:30,0.373832346,0.327498003
3/3/2020 3:40,0.372207695,0.370342958
3/3/2020 3:50,0.372668213,0.365269181
3/3/2020 4:00,0.3708898,0.355676581
3/3/2020 4:10,0.372786679,0.363654938
3/3/2020 4:20,0.371800781,0.373405511
3/3/2020 4:29,0.375331583,0.357562467
3/3/2020 4:40,0.374236016,0.363439004
3/3/2020 4:50,0.375459409,0.347235805
3/3/2020 5:00,0.378583148,0.348076218
3/3/2020 5:10,0.372939505,0.370706937
3/3/2020 5:20,0.377145624,0.349273159
3/3/2020 5:30,0.373930649,0.376832201
3/3/2020 5:39,0.373465181,0.369946368
3/3/2020 5:50,0.373557354,0.37410844
3/3/2020 6:00,0.375440646,0.351410897
3/3/2020 6:10,0.374974621,0.346913342
3/3/2020 6:20,0.374429781,0.37500411
3/3/2020 6:30,0.375158447,0.37515028
3/3/2020 6:40,0.374116429,0.37494804
3/3/2020 6:49,0.380722869,0.377914376
3/3/2020 7:00,0.372952825,0.36504198
3/3/2020 7:10,0.373645826,0.33675264
3/3/2020 7:20,0.37703273,0.345283462
3/3/2020 7:30,0.378498737,0.356287342
3/3/2020 7:40,0.372581953,0.35472302
3/3/2020 7:50,0.372429053,0.341700358
3/3/2020 7:59,0.373488864,0.362554156
3/3/2020 8:10,0.379035872,0.373814808
3/3/2020 8:20,0.371301836,0.351842582
3/3/2020 8:30,0.375482919,0.353190588
3/3/2020 8:40,0.377134206,0.379309217
3/3/2020 8:50,0.375682896,0.336326744
3/3/2020 9:00,0.375190288,0.371592889
3/3/2020 9:10,0.372205721,0.362167905
3/3/2020 9:20,0.373662666,0.379639953
3/3/2020 9:30,0.375976529,0.380834154
3/3/2020 9:40,0.372830904,0.357869976
3/3/2020 9:50,0.371644736,0.390875882
3/3/2020 10:00,0.373967911,0.373811699
3/3/2020 10:10,0.374780166,0.416835458
3/3/2020 10:20,0.372133558,0.366533252
3/3/2020 10:29,0.374393154,0.36162105
3/3/2020 10:40,0.378325898,0.363025279
3/3/2020 10:50,0.374425483,0.363789829
3/3/2020 11:00,0.3755855,0.366759589
3/3/2020 11:10,0.376200694,0.368259596
3/3/2020 11:20,0.373720593,0.380228169
3/3/2020 11:30,0.374975558,0.356428106
3/3/2020 11:39,0.380119266,0.384053423
3/3/2020 11:50,0.376139354,0.355650875
3/3/2020 12:00,0.374204748,0.385355918
3/3/2020 12:10,0.371462543,0.34957509
3/3/2020 12:20,0.376934146,0.35965152
3/3/2020 12:30,0.381669328,0.392477716
3/3/2020 12:40,0.371537577,0.354288247
3/3/2020 12:49,0.374927963,0.376620603
3/3/2020 13:00,0.371715762,0.380636883
3/3/2020 13:10,0.375493198,0.387010607
3/3/2020 13:20,0.369965225,0.396094945
3/3/2020 13:30,0.373879806,0.394580316
3/3/2020 13:40,0.381092476,0.371891415
3/3/2020 13:50,0.374975041,0.384483374
3/3/2020 13:59,0.373958937,0.385727147
3/3/2020 14:10,0.375136451,0.344743169
3/3/2020 14:20,0.374380795,0.335490754
3/3/2020 14:30,0.376816742,0.350252536
3/3/2020 14:40,0.375695423,0.376377331
3/3/2020 14:50,0.378219197,0.392136683
3/3/2020 15:00,0.376582308,0.383790374
3/3/2020 15:10,0.373039799,0.374130318
3/3/2020 15:20,0.38232659,0.37322227
3/3/2020 15:30,0.376684942,0.364963338
3/3/2020 15:40,0.372735894,0.347574958
3/3/2020 15:50,0.374774485,0.352754515
3/3/2020 16:00,0.373344115,0.366902095
3/3/2020 16:09,0.373463849,0.346920263
3/3/2020 16:20,0.37307219,0.384208316
3/3/2020 16:30,0.377967706,0.373644193
3/3/2020 16:40,0.37540728,0.391790792
3/3/2020 16:50,0.377607664,0.376101431
3/3/2020 17:00,0.374130972,0.374584823
3/3/2020 17:10,0.376297758,0.370324337
3/3/2020 17:19,0.373983456,0.365087181
3/3/2020 17:30,0.375239904,0.381914706
3/3/2020 17:40,0.372998414,0.341967544
3/3/2020 17:50,0.374291774,0.351612917
3/3/2020 18:00,0.372398314,0.366658748
3/3/2020 18:10,0.374996385,0.355843456
3/3/2020 18:20,0.373910669,0.380870822
3/3/2020 18:29,0.374561945,0.362652676
3/3/2020 18:40,0.375176241,0.366628461
3/3/2020 18:50,0.374637073,0.360339534
3/3/2020 19:00,0.375266441,0.35761977
3/3/2020 19:10,0.375840235,0.352062052
3/3/2020 19:20,0.373311562,0.370924915
3/3/2020 19:30,0.37528126,0.37251084
3/3/2020 19:39,0.3747033,0.346531246
3/3/2020 19:50,0.373789833,0.331390645
3/3/2020 20:00,0.374018309,0.363954012
3/3/2020 20:10,0.376018387,0.356992816
3/3/2020 20:20,0.374040618,0.377635922
3/3/2020 20:30,0.373446511,0.378676956
3/3/2020 20:40,0.375006654,0.362554367
3/3/2020 20:49,0.374505806,0.370682797
3/3/2020 21:00,0.374459453,0.34957882
3/3/2020 21:10,0.371556197,0.361599364
3/3/2020 21:20,0.37360682,0.374062132
3/3/2020 21:30,0.373441945,0.35427436
3/3/2020 21:40,0.374962267,0.360142699
3/3/2020 21:50,0.371927511,0.376401621
3/3/2020 21:59,0.375229821,0.34246497
3/3/2020 22:10,0.375418429,0.338232271
3/3/2020 22:20,0.373459558,0.353812734
3/3/2020 22:30,0.374555192,0.382507106
3/3/2020 22:40,0.371575925,0.343405029
3/3/2020 22:50,0.370887399,0.345143501
3/3/2020 23:00,0.371824149,0.362506302
3/3/2020 23:09,0.373197136,0.344414342
3/3/2020 23:20,0.37284344,0.357586734
3/3/2020 23:30,0.373976121,0.355825067
3/3/2020 23:40,0.375645309,0.354527263
3/3/2020 23:50,0.374581889,0.362434621
3/4/2020 0:00,0.375838557,0.362281287
3/4/2020 0:10,0.372896379,0.372274543
3/4/2020 0:19,0.377656959,0.379232678
3/4/2020 0:30,0.374470116,0.354993764
3/4/2020 0:40,0.373771404,0.375875622
3/4/2020 0:50,0.373345603,0.357781266
3/4/2020 1:00,0.373546704,0.375575916
3/4/2020 1:10,0.372837658,0.343661027
3/4/2020 1:20,0.373441062,0.367957257
3/4/2020 1:30,0.371251585,0.369202406
3/4/2020 1:40,0.381636073,0.236703645
3/4/2020 1:50,0.373295155,0.370169523
3/4/2020 2:00,0.37195496,0.339060973
3/4/2020 2:10,0.372247599,0.343092049
3/4/2020 2:20,0.373174362,0.362042378
3/4/2020 2:30,0.377852731,0.362514367
3/4/2020 2:40,0.371299087,0.355268974
3/4/2020 2:50,0.374279929,0.346458447
3/4/2020 3:00,0.374593164,0.371791415
3/4/2020 3:10,0.373457499,0.384990474
3/4/2020 3:20,0.375160903,0.350595793
3/4/2020 3:30,0.376479063,0.366999639
3/4/2020 3:40,0.375091409,0.387054943
3/4/2020 3:50,0.37244007,0.370406525
3/4/2020 4:00,0.372086529,0.358448919
3/4/2020 4:10,0.374771679,0.351806934
3/4/2020 4:20,0.378576031,0.357588198
3/4/2020 4:30,0.373837356,0.369137502
3/4/2020 4:40,0.374751554,0.368007346
3/4/2020 4:50,0.372898813,0.371272655
3/4/2020 5:00,0.373876983,0.358113266
3/4/2020 5:09,0.373010582,0.375554128
3/4/2020 5:20,0.374757184,0.368766045
3/4/2020 5:30,0.371825649,0.373819505
3/4/2020 5:40,0.374789224,0.354384379
3/4/2020 5:50,0.373860266,0.411985518
3/4/2020 6:00,0.37432104,0.36890302
3/4/2020 6:10,0.374802818,0.371437637
3/4/2020 6:19,0.377154248,0.369636284
3/4/2020 6:30,0.372080525,0.350000179
3/4/2020 6:40,0.373177225,0.353344263
3/4/2020 6:50,0.375427751,0.391695582
3/4/2020 7:00,0.376367973,0.388417235
3/4/2020 7:10,0.375293445,0.364754057
3/4/2020 7:20,0.376013072,0.354616967
3/4/2020 7:30,0.373273802,0.374609046
3/4/2020 7:40,0.373449477,0.34693516
3/4/2020 7:50,0.371609297,0.364007819
3/4/2020 8:00,0.373383047,0.385469376
3/4/2020 8:10,0.373127171,0.353101204
3/4/2020 8:20,0.375120721,0.346031664
3/4/2020 8:30,0.377088312,0.358220484
3/4/2020 8:40,0.373013052,0.36508746
3/4/2020 8:50,0.379830476,0.354347966
3/4/2020 9:00,0.374441567,0.397348161
3/4/2020 9:10,0.376105312,0.35115069
3/4/2020 9:20,0.373440242,0.383921298
3/4/2020 9:30,0.37650071,0.354111647
3/4/2020 9:40,0.373111408,0.371182884
3/4/2020 9:50,0.375857697,0.36424126
3/4/2020 10:00,0.374528031,0.374904469
3/4/2020 10:10,0.376299065,0.344882078
3/4/2020 10:20,0.373238445,0.350117387
3/4/2020 10:30,0.374033991,0.355398715
3/4/2020 10:40,0.370878838,0.353022792
3/4/2020 10:50,0.372193022,0.371750829
3/4/2020 10:59,0.374748507,0.372038622
3/4/2020 11:10,0.373377821,0.344752269
3/4/2020 11:20,0.374275816,0.384714941
3/4/2020 11:30,0.373357551,0.358377233
3/4/2020 11:40,0.373250509,0.332929243
3/4/2020 11:50,0.374923553,0.392509138
3/4/2020 12:00,0.371109723,0.365566807
3/4/2020 12:09,0.374346979,0.399329567
3/4/2020 12:20,0.370821403,0.359959284
3/4/2020 12:30,0.374796713,0.361129069
3/4/2020 12:40,0.37198189,0.359560248
3/4/2020 12:50,0.371108984,0.341969371
3/4/2020 13:00,0.368799477,0.367532875
3/4/2020 13:10,0.369959837,0.365930783
3/4/2020 13:19,0.37187333,0.36564555
3/4/2020 13:30,0.376268061,0.357895604
3/4/2020 13:40,0.372961234,0.373020611
3/4/2020 13:50,0.375646657,0.339248735
3/4/2020 14:00,0.376225884,0.353253048
3/4/2020 14:10,0.376963587,0.337778469
3/4/2020 14:20,0.371929897,0.336127672
3/4/2020 14:30,0.371694885,0.357864154
3/4/2020 14:40,0.372833518,0.373672361
3/4/2020 14:50,0.376296702,0.306942969
3/4/2020 15:00,0.368344424,0.355520086
3/4/2020 15:10,0.378247923,0.363033846
3/4/2020 15:20,0.376486526,0.397271497
3/4/2020 15:30,0.372868264,0.356440217
3/4/2020 15:40,0.373734405,0.363561414
3/4/2020 15:50,0.372853979,0.362861193
3/4/2020 16:00,0.370042318,0.357062794
3/4/2020 16:10,0.380607593,0.379760614
3/4/2020 16:20,0.371406688,0.343285185
3/4/2020 16:30,0.375584237,0.339047768
3/4/2020 16:40,0.374380547,0.340038389
3/4/2020 16:49,0.374814953,0.353440531
3/4/2020 17:00,0.373212514,0.346125743
3/4/2020 17:10,0.372067307,0.33844172
3/4/2020 17:20,0.3740984,0.3672643
3/4/2020 17:30,0.374355057,0.352754706
3/4/2020 17:40,0.37365261,0.373375524
3/4/2020 17:50,0.372094222,0.360247831
3/4/2020 18:00,0.376030477,0.348218637
3/4/2020 18:10,0.375095617,0.351639542
3/4/2020 18:20,0.376314726,0.366966346
3/4/2020 18:30,0.374694487,0.34402858
3/4/2020 18:40,0.373814832,0.373920363
3/4/2020 18:50,0.376698728,0.360767621
3/4/2020 19:00,0.376046027,0.371978152
3/4/2020 19:10,0.373063805,0.345522509
3/4/2020 19:20,0.375688914,0.372508779
3/4/2020 19:30,0.376808109,0.3663706
3/4/2020 19:40,0.375823925,0.410024593
3/4/2020 19:50,0.37429659,0.369628806
3/4/2020 20:00,0.375641084,0.372338143
3/4/2020 20:10,0.377390999,0.344332373
3/4/2020 20:20,0.374748844,0.368089849
3/4/2020 20:30,0.373490722,0.372843178
3/4/2020 20:40,0.37579868,0.357350253
3/4/2020 20:50,0.376067214,0.359390594
3/4/2020 21:00,0.377000976,0.357102323
3/4/2020 21:10,0.375334561,0.383198768
3/4/2020 21:20,0.373583243,0.382883792
3/4/2020 21:30,0.376157177,0.366142811
3/4/2020 21:40,0.373878386,0.348567095
3/4/2020 21:50,0.373745713,0.376481726
3/4/2020 22:00,0.374568885,0.377011385
3/4/2020 22:10,0.373427886,0.387455814
3/4/2020 22:20,0.374371012,0.349167635
3/4/2020 22:30,0.37302204,0.357989791
3/4/2020 22:39,0.371753921,0.378564944
3/4/2020 22:50,0.37462746,0.348000019
3/4/2020 23:00,0.377337339,0.352736431
3/4/2020 23:10,0.372174573,0.38441143
3/4/2020 23:20,0.37293137,0.359649746
3/4/2020 23:30,0.378364744,0.383777702
3/4/2020 23:40,0.379008399,0.368507604
3/4/2020 23:49,0.374485192,0.348091524
3/5/2020 0:00,0.372905771,0.344904793
3/5/2020 0:10,0.374879425,0.37758772
3/5/2020 0:20,0.3755953,0.373013795
3/5/2020 0:30,0.380418935,0.397247246
3/5/2020 0:40,0.375918436,0.348348814
3/5/2020 0:50,0.376532264,0.359655536
3/5/2020 1:00,0.375179753,0.36683355
3/5/2020 1:10,0.373391056,0.338840087
3/5/2020 1:20,0.372929996,0.339329651
3/5/2020 1:30,0.379332836,0.394692661
3/5/2020 1:40,0.374926505,0.37383556
3/5/2020 1:50,0.374310233,0.344941271
3/5/2020 2:00,0.374700973,0.371462859
3/5/2020 2:09,0.376879402,0.349380532
3/5/2020 2:20,0.37293631,0.367789985
3/5/2020 2:30,0.376480215,0.372502116
3/5/2020 2:40,0.375230033,0.351885188
3/5/2020 2:50,0.375168439,0.36905218
3/5/2020 3:00,0.37663657,0.379750074
3/5/2020 3:10,0.371686272,0.362981195
3/5/2020 3:19,0.374639071,0.351163147
3/5/2020 3:30,0.377814531,0.378858678
3/5/2020 3:40,0.374109509,0.359757381
3/5/2020 3:50,0.377441318,0.360598623
3/5/2020 4:00,0.374876373,0.373203733
3/5/2020 4:10,0.3772943,0.365675644
3/5/2020 4:20,0.372608077,0.378795722
3/5/2020 4:29,0.375239593,0.36156869
3/5/2020 4:40,0.373926033,0.364055742
3/5/2020 4:50,0.375387185,0.376104642
3/5/2020 5:00,0.381636961,0.47260919
3/5/2020 5:10,0.370611546,0.371752339
3/5/2020 5:20,0.371870175,0.375670827
3/5/2020 5:30,0.374317452,0.385871408
3/5/2020 5:40,0.373334367,0.351051383
3/5/2020 5:50,0.376080027,0.380163823
3/5/2020 6:00,0.377435028,0.388285394
3/5/2020 6:10,0.372942003,0.348586262
3/5/2020 6:20,0.377937245,0.368793436
3/5/2020 6:30,0.376462941,0.354219071
3/5/2020 6:40,0.370394627,0.381430837
3/5/2020 6:50,0.375582507,0.352968551
3/5/2020 7:00,0.3762819,0.38891103
3/5/2020 7:10,0.373635836,0.370096224
3/5/2020 7:20,0.371530194,0.408020902
3/5/2020 7:30,0.379560596,0.357337729
3/5/2020 7:40,0.374051099,0.369570973
3/5/2020 7:50,0.375701991,0.369130384
3/5/2020 8:00,0.373078577,0.376288904
3/5/2020 8:10,0.372762104,0.35110187
3/5/2020 8:20,0.377762652,0.386951434
3/5/2020 8:30,0.372317171,0.35672424
3/5/2020 8:40,0.372973197,0.3641605
3/5/2020 8:50,0.373098244,0.372456261
3/5/2020 9:00,0.374177876,0.382151388
3/5/2020 9:10,0.376111463,0.369445864
3/5/2020 9:20,0.372002928,0.360451667
3/5/2020 9:30,0.379620887,0.355377882
3/5/2020 9:40,0.372841079,0.363605107
3/5/2020 9:50,0.370909499,0.372762112
3/5/2020 10:00,0.373701801,0.382047226
3/5/2020 10:10,0.373359747,0.381381785
3/5/2020 10:20,0.370101245,0.34046165
3/5/2020 10:29,0.371690775,0.376068004
3/5/2020 10:40,0.373214175,0.365665014
3/5/2020 10:50,0.372822642,0.371275773
3/5/2020 11:00,0.372327641,0.377119122
3/5/2020 11:10,0.373463686,0.383654562
3/5/2020 11:20,0.375690533,0.375413036
3/5/2020 11:30,0.372636457,0.391245545
3/5/2020 11:40,0.371029504,0.386410054
3/5/2020 11:50,0.372180773,0.368540225
3/5/2020 12:00,0.373287659,0.357166651
3/5/2020 12:10,0.375158175,0.344190597
3/5/2020 12:20,0.373265988,0.377057451
3/5/2020 12:30,0.375949599,0.346567301
3/5/2020 12:40,0.372637556,0.373852146
3/5/2020 12:50,0.372205054,0.368613689
3/5/2020 13:00,0.37191742,0.36643846
3/5/2020 13:10,0.3754996,0.367898583
3/5/2020 13:20,0.373575359,0.375952695
3/5/2020 13:30,0.371619512,0.391316206
3/5/2020 13:40,0.372782079,0.386704416
3/5/2020 13:50,0.371863946,0.375409087
3/5/2020 14:00,0.37409777,0.363565329
3/5/2020 14:10,0.37086605,0.348036585
3/5/2020 14:20,0.373916922,0.378457738
3/5/2020 14:30,0.369514594,0.38041196
3/5/2020 14:40,0.374322468,0.348701987
3/5/2020 14:50,0.372897486,0.362303026
3/5/2020 15:00,0.375255647,0.341799913
3/5/2020 15:10,0.377025283,0.35781489
3/5/2020 15:20,0.373235163,0.351908057
3/5/2020 15:30,0.374006654,0.365099767
3/5/2020 15:40,0.372321671,0.350078263
3/5/2020 15:50,0.372029196,0.364862227
3/5/2020 16:00,0.373463057,0.37310811
3/5/2020 16:10,0.375002443,0.359432083
3/5/2020 16:20,0.374907434,0.351190823
3/5/2020 16:30,0.374325779,0.360003157
3/5/2020 16:40,0.374628082,0.335808051
3/5/2020 16:50,0.379455392,0.368236873
3/5/2020 17:00,0.373109145,0.36280439
3/5/2020 17:10,0.375623661,0.36888765
3/5/2020 17:20,0.372542071,0.354037796
3/5/2020 17:30,0.372890271,0.373935732
3/5/2020 17:40,0.372880831,0.391979967
3/5/2020 17:50,0.373539854,0.34752378
3/5/2020 18:00,0.375014892,0.327689125
3/5/2020 18:10,0.372911702,0.339866813
3/5/2020 18:20,0.373557218,0.381179115
3/5/2020 18:30,0.372634091,0.375219532
3/5/2020 18:40,0.374061555,0.380994093
3/5/2020 18:50,0.371908165,0.350755047
3/5/2020 19:00,0.376603749,0.35880868
3/5/2020 19:10,0.375044338,0.338290945
3/5/2020 19:20,0.396632726,0.317472351
3/5/2020 19:30,0.373429848,0.358596707
3/5/2020 19:40,0.373344364,0.387500252
3/5/2020 19:50,0.374286964,0.347923379
3/5/2020 20:00,0.373170847,0.365855811
3/5/2020 20:10,0.374780814,0.340087367
3/5/2020 20:20,0.373241218,0.348427893
3/5/2020 20:30,0.374172837,0.343013661
3/5/2020 20:40,0.373924671,0.350139494
3/5/2020 20:50,0.37452693,0.348071689
3/5/2020 21:00,0.378488322,0.343070307
3/5/2020 21:10,0.373107003,0.354063029
3/5/2020 21:20,0.374343161,0.349054109
3/5/2020 21:30,0.372979209,0.370709445
3/5/2020 21:40,0.375033789,0.351141566
3/5/2020 21:50,0.374789892,0.355623764
3/5/2020 22:00,0.373507002,0.372670844
3/5/2020 22:10,0.375844733,0.367178477
3/5/2020 22:20,0.374282154,0.382996711
3/5/2020 22:30,4.661653323,6.337487722
3/5/2020 22:40,2.396098859,0.726931753
3/5/2020 22:50,5.733099439,7.062043689
3/5/2020 23:00,0.376430005,0.355443452
3/5/2020 23:10,0.371112503,0.339317152
3/5/2020 23:20,0.374474016,0.323585752
3/5/2020 23:30,0.370272791,0.321525935
3/5/2020 23:40,0.374671104,0.335396087
3/5/2020 23:50,0.374183292,0.343951327
3/6/2020 0:00,0.370302189,0.327669138
3/6/2020 0:10,0.376030565,0.313982791
3/6/2020 0:20,0.374011395,0.321430411
3/6/2020 0:30,0.37509725,0.338895156
3/6/2020 0:41,0.374772602,0.330038298
3/6/2020 0:50,0.371508425,0.339328942
3/6/2020 1:00,0.372836816,0.337117421
3/6/2020 1:10,0.375263366,0.3241643
3/6/2020 1:20,0.372980102,0.350554252
3/6/2020 1:30,0.373621298,0.343298968
3/6/2020 1:40,0.374192217,0.344634744
3/6/2020 1:51,0.372595118,0.320228731
3/6/2020 2:00,0.373398179,0.355337321
3/6/2020 2:10,0.491362189,-0.09566703
3/6/2020 2:20,0.381199476,0.363952481
3/6/2020 2:30,0.375617577,0.359952786
3/6/2020 2:40,3.625813874,3.583010666
3/6/2020 2:50,0.371653876,0.349075382
3/6/2020 3:01,0.374943605,0.352441924
3/6/2020 3:10,0.3746377,0.353908887
3/6/2020 3:20,0.373599161,0.347060964
3/6/2020 3:30,0.372317226,0.346863938
3/6/2020 3:40,0.371419617,0.356233588
3/6/2020 3:50,0.372918972,0.357774067
3/6/2020 4:00,0.373962805,0.352637546
3/6/2020 4:11,0.3766356,0.365608342
3/6/2020 4:20,0.373791556,0.341950005
3/6/2020 4:30,0.373826475,0.371005365
3/6/2020 4:40,0.372279235,0.363693314
3/6/2020 4:50,0.375171892,0.34469497
3/6/2020 5:00,0.371035063,0.37281889
3/6/2020 5:10,0.376250897,0.362277018
3/6/2020 5:21,0.374130182,0.362522491
3/6/2020 5:30,0.36999828,0.36449968
3/6/2020 5:40,0.375124908,0.35036794
3/6/2020 5:50,0.374298044,0.389204318
3/6/2020 6:00,0.37049925,0.386782347
3/6/2020 6:10,0.378732554,0.376481145
3/6/2020 6:20,0.375664859,0.358672112
3/6/2020 6:30,0.377659732,0.364030704
3/6/2020 6:40,0.375293105,0.363672621
3/6/2020 6:50,0.375629931,0.35048849
3/6/2020 7:00,0.374530114,0.363398396
3/6/2020 7:10,0.373473539,0.353884072
3/6/2020 7:20,0.374319693,0.381804475
3/6/2020 7:30,0.377886356,0.360676536
3/6/2020 7:41,0.374802602,0.356602235
3/6/2020 7:50,0.369975085,0.380925901
3/6/2020 8:00,0.374850655,0.372724158
3/6/2020 8:10,0.373766539,0.380735451
3/6/2020 8:20,0.377557235,0.349640002
3/6/2020 8:30,0.375216174,0.359870252
3/6/2020 8:40,0.37338198,0.366025843
3/6/2020 8:51,0.372293407,0.370461942
3/6/2020 9:00,0.372525875,0.364177456
3/6/2020 9:10,0.37352549,0.362711894
3/6/2020 9:20,0.373430386,0.364188394
3/6/2020 9:30,0.374813649,0.358816057
3/6/2020 9:40,0.37260657,0.355325904
3/6/2020 9:50,0.376888871,0.349455905
3/6/2020 10:00,0.37217364,0.365968147
3/6/2020 10:10,0.375938797,0.377206867
3/6/2020 10:20,0.375567787,0.340142563
3/6/2020 10:30,0.376030727,0.361286284
3/6/2020 10:40,0.371089581,0.381653122
3/6/2020 10:50,0.373036279,0.375570636
3/6/2020 11:00,0.372978525,0.367387752
3/6/2020 11:10,0.371144254,0.380017655
3/6/2020 11:20,0.373679397,0.376290272
3/6/2020 11:30,0.375514215,0.363020032
3/6/2020 11:40,0.370170501,0.352957695
3/6/2020 11:50,0.371385226,0.367674719
3/6/2020 12:00,0.380584675,0.230039701
3/6/2020 12:10,0.37495761,0.374300785
3/6/2020 12:20,0.370923895,0.353829039
3/6/2020 12:30,0.372327059,0.383358124
3/6/2020 12:40,0.373216999,0.406515115
3/6/2020 12:50,0.377134931,0.395272698
3/6/2020 13:00,0.373822743,0.354700618
3/6/2020 13:10,0.374839328,0.351454259
3/6/2020 13:20,0.374112712,0.373782132
3/6/2020 13:31,0.375596135,0.362230329
3/6/2020 13:40,0.372904,0.342618782
3/6/2020 13:50,0.373711039,0.393586582
3/6/2020 14:00,0.375652663,0.36512378
3/6/2020 14:10,0.371993891,0.369007612
3/6/2020 14:20,0.377667247,0.355615319
3/6/2020 14:30,0.371923606,0.370484933
3/6/2020 14:41,0.372675846,0.346704783
3/6/2020 14:50,0.375511901,0.3612898
3/6/2020 15:00,0.37845354,0.339858088
3/6/2020 15:10,0.377330904,0.351649401
3/6/2020 15:20,0.370440268,0.398805561
3/6/2020 15:30,0.374933043,0.380899295
3/6/2020 15:40,0.373432364,0.378490451
3/6/2020 15:50,0.376281631,0.365700774
3/6/2020 16:00,0.372342631,0.361704029
3/6/2020 16:10,0.372227984,0.363770558
3/6/2020 16:20,0.372749239,0.368864179
3/6/2020 16:30,0.376713775,0.373188264
3/6/2020 16:40,0.3712986,0.357386361
3/6/2020 16:50,0.37355613,0.37119792
3/6/2020 17:01,0.375630572,0.382261615
3/6/2020 17:10,0.37200196,0.391615059
3/6/2020 17:20,0.373712581,0.390228713
3/6/2020 17:30,0.374834117,0.370609989
3/6/2020 17:40,0.376186201,0.343781777
3/6/2020 17:50,0.37125038,0.381880826
3/6/2020 18:00,0.374421311,0.360938802
3/6/2020 18:11,0.374679447,0.372601143
3/6/2020 18:20,0.374232866,0.377140918
3/6/2020 18:30,0.373529267,0.396092494
3/6/2020 18:40,0.375503593,0.312103158
3/6/2020 18:50,0.374025253,0.381553741
3/6/2020 19:00,0.373039629,0.37853139
3/6/2020 19:10,0.374400377,0.37588023
3/6/2020 19:21,0.374875045,0.354350099
3/6/2020 19:30,0.375863075,0.368108454
3/6/2020 19:40,0.374109958,0.403695126
3/6/2020 19:50,0.374970304,0.377114117
3/6/2020 20:01,0.372288189,0.369809707
3/6/2020 20:10,0.374505012,0.374293283
3/6/2020 20:20,0.375312689,0.377831979
3/6/2020 20:30,0.381974495,0.409548153
3/6/2020 20:40,0.377395803,0.346524082
3/6/2020 20:50,0.375784455,0.366850601
3/6/2020 21:00,0.375447472,0.367316709
3/6/2020 21:10,3.930369211,5.659531325
3/6/2020 21:20,0.377573239,0.309255288
3/6/2020 21:30,0.376630618,0.355008707
3/6/2020 21:40,0.377411439,0.396542359
3/6/2020 21:50,0.37489043,0.38955261
3/6/2020 22:00,0.377293796,0.354605258
3/6/2020 22:11,0.37387567,0.347386724
3/6/2020 22:20,0.376624002,0.364688301
3/6/2020 22:30,0.374697736,0.36940034
3/6/2020 22:40,0.376296916,0.353784141
3/6/2020 22:50,0.372314553,0.317014474
3/6/2020 23:00,0.372504316,0.349464979
3/6/2020 23:10,0.372425288,0.384956293
3/6/2020 23:20,0.375676503,0.354756549
3/6/2020 23:30,0.376368919,0.368056798
3/6/2020 23:40,0.376875724,0.370334489
3/6/2020 23:50,0.376516185,0.375329945
3/7/2020 0:00,0.374501379,0.373817827
3/7/2020 0:10,0.373744241,0.376049838
3/7/2020 0:20,0.374214636,0.355360482
3/7/2020 0:30,0.376431448,0.357121073
3/7/2020 0:40,0.374325704,0.359381162
3/7/2020 0:50,0.376723019,0.341581701
3/7/2020 1:00,0.372471446,0.360404048
3/7/2020 1:10,0.37366276,0.373924632
3/7/2020 1:20,0.374583654,0.357665352
3/7/2020 1:30,0.371160893,0.366724331
3/7/2020 1:40,0.374577005,0.348564359
3/7/2020 1:50,0.374561661,0.362104592
3/7/2020 2:00,0.378831492,0.367702351
3/7/2020 2:10,0.374450618,0.38240948
3/7/2020 2:20,0.374852183,0.363878765
3/7/2020 2:31,0.379789181,0.385528964
3/7/2020 2:40,0.376487436,0.357153724
3/7/2020 2:50,0.37665715,0.361901048
3/7/2020 3:00,0.374874585,0.348625396
3/7/2020 3:10,0.373757745,0.371733704
3/7/2020 3:20,0.37140469,0.352524392
3/7/2020 3:30,0.373033992,0.378527018
3/7/2020 3:40,0.376059377,0.404502314
3/7/2020 3:50,0.373460635,0.383750001
3/7/2020 4:00,0.374997151,0.377396895
3/7/2020 4:10,0.373404751,0.371283889
3/7/2020 4:20,0.379145578,0.370934372
3/7/2020 4:30,0.3762958,0.388723671
3/7/2020 4:41,0.374384932,0.372714638
3/7/2020 4:50,0.375350923,0.367948123
