Time (UTC),Machines > Lathe 1 > MIB > X-Axial > Damage Accumulation,Machines > Lathe 1 > MIB > Y-Vertical > Damage Accumulation
2/29/2020 5:06,0.999688292,1.010787353
2/29/2020 5:16,0.999124854,0.999062276
2/29/2020 5:26,1.002396305,1.010713912
2/29/2020 5:36,1.002631152,1.015536811
2/29/2020 5:46,1.003583693,1.00917014
2/29/2020 5:56,0.996900495,1.00028222
2/29/2020 6:07,0.996499335,1.007918456
2/29/2020 6:17,0.999903145,1.008578941
2/29/2020 6:26,1.005827341,1.013711873
2/29/2020 6:36,1.003146394,1.014880209
2/29/2020 6:46,0.998074994,1.00743294
2/29/2020 6:56,1.008683467,1.022007225
2/29/2020 7:06,1.005267128,1.018000248
2/29/2020 7:17,0.998650795,1.009992363
2/29/2020 7:27,1.00431101,1.014940946
2/29/2020 7:36,1.003450903,1.017335109
2/29/2020 7:46,1.005575955,1.019219734
2/29/2020 7:56,1.003455943,1.014893291
2/29/2020 8:06,1.001331,1.003305301
2/29/2020 8:16,1.001352902,1.012713304
2/29/2020 8:27,1.002611666,1.010218316
2/29/2020 8:37,1.003508176,1.014454749
2/29/2020 8:46,1.000309534,1.011463462
2/29/2020 8:56,1.00376623,1.010332615
2/29/2020 9:06,1.003012941,1.014325646
2/29/2020 9:16,1.001517649,1.0095652
2/29/2020 9:26,1.010685637,1.006520194
2/29/2020 9:37,1.000518068,0.997696354
2/29/2020 9:47,1.00213814,1.012720889
2/29/2020 9:56,1.002292077,1.0055833
2/29/2020 10:06,1.001726306,1.004903895
2/29/2020 10:16,0.99965499,1.009021276
2/29/2020 10:26,1.004306573,1.01224714
2/29/2020 10:36,1.001341039,1.01175259
2/29/2020 10:47,1.002661762,1.011187391
2/29/2020 10:57,1.004810839,1.014180289
2/29/2020 11:06,1.002359255,1.010405644
2/29/2020 11:16,1.00730511,1.017393321
2/29/2020 11:26,1.003969379,1.013879728
2/29/2020 11:36,0.996523298,1.007824596
2/29/2020 11:46,1.006713816,1.015834097
2/29/2020 11:57,1.006555148,1.013537986
2/29/2020 12:07,1.00737868,1.022668524
2/29/2020 12:16,1.004539621,1.012138458
2/29/2020 12:26,1.004538294,1.015982045
2/29/2020 12:36,1.004393535,1.017547026
2/29/2020 12:46,1.007765149,1.020267994
2/29/2020 12:56,1.002907752,1.009019047
2/29/2020 13:07,1.0023447,1.011001748
2/29/2020 13:17,1.002165891,1.016693219
2/29/2020 13:26,1.008626405,1.023086721
2/29/2020 13:36,1.002870813,1.013808787
2/29/2020 13:46,1.005256303,1.022418492
2/29/2020 13:56,1.00395214,1.01548447
2/29/2020 14:06,1.001839977,1.012307365
2/29/2020 14:17,1.000152435,0.985662367
2/29/2020 14:27,1.004844021,0.984442579
2/29/2020 14:36,0.997287949,0.981212637
2/29/2020 14:46,1.004517259,0.986264806
2/29/2020 14:56,1.005054956,1.020481188
2/29/2020 15:06,0.998502265,0.994698652
2/29/2020 15:16,1.007538378,0.997463284
2/29/2020 15:27,1.004652707,0.985268951
2/29/2020 15:37,1.004130008,0.980403646
2/29/2020 15:46,0.999018351,1.004164972
2/29/2020 15:56,1.007986586,1.010289239
2/29/2020 16:06,1.001876039,1.002809329
2/29/2020 16:16,1.009112049,1.008341395
2/29/2020 16:26,1.000428363,1.001879281
2/29/2020 16:37,1.008186822,0.985176748
2/29/2020 16:47,1.003021925,1.00403114
2/29/2020 16:56,0.907172514,0.931930129
2/29/2020 17:06,1.004031072,1.005977278
2/29/2020 17:16,1.001347087,1.004336961
2/29/2020 17:26,1.005026677,1.005637671
2/29/2020 17:36,1.005770729,0.984145075
2/29/2020 17:46,0.999867789,0.995821744
2/29/2020 17:57,1.001291397,0.984475205
2/29/2020 18:07,1.006397935,1.001293482
2/29/2020 18:16,1.006498223,1.006025346
2/29/2020 18:26,1.002839563,0.983646747
2/29/2020 18:36,0.426581234,1.024185632
2/29/2020 18:46,1.003764091,0.984377604
2/29/2020 18:56,1.006169561,1.002176019
2/29/2020 19:07,1.001162576,1.000025228
2/29/2020 19:17,1.006235343,0.988608347
2/29/2020 19:26,1.003205872,1.006576676
2/29/2020 19:36,1.007702848,0.987813094
2/29/2020 19:46,1.006019185,1.009780899
2/29/2020 19:56,0.999696807,1.008185388
2/29/2020 20:06,1.003783251,1.002534788
2/29/2020 20:17,1.004886237,0.997436032
2/29/2020 20:27,1.00360029,1.000633692
2/29/2020 20:36,1.004319353,0.987742134
2/29/2020 20:46,1.00913739,0.990644291
2/29/2020 20:56,1.004400783,1.000860457
2/29/2020 21:06,1.006110733,1.002717723
2/29/2020 21:16,1.00601246,1.002685763
2/29/2020 21:27,1.000864987,1.003998778
2/29/2020 21:37,0.998606385,0.986824803
2/29/2020 21:46,1.007786261,1.001887518
2/29/2020 21:56,1.002121101,0.999129888
2/29/2020 22:06,1.0000988,0.987151962
2/29/2020 22:16,1.002114537,0.984620556
2/29/2020 22:26,1.002804335,0.9991886
2/29/2020 22:37,1.004714335,1.004321534
2/29/2020 22:47,1.005673232,1.003102469
2/29/2020 22:56,1.004847405,1.001353478
2/29/2020 23:06,1.002241969,1.002868864
2/29/2020 23:16,1.000652388,1.000533399
2/29/2020 23:26,1.004667061,1.0025295
2/29/2020 23:36,1.005495796,0.988877619
2/29/2020 23:47,1.005352043,0.999900514
2/29/2020 23:57,1.003942816,1.000671864
3/1/2020 0:06,1.002008318,1.00522574
3/1/2020 0:16,1.009266567,1.001963861
3/1/2020 0:26,1.005840685,1.004824594
3/1/2020 0:36,1.005516159,1.003120789
3/1/2020 0:46,1.003330268,0.984205651
3/1/2020 0:57,1.001508087,0.999986112
3/1/2020 1:06,1.001643292,0.978903491
3/1/2020 1:16,1.001685455,1.002489684
3/1/2020 1:26,1.004806695,1.001286169
3/1/2020 1:36,1.005101621,0.999114956
3/1/2020 1:46,1.002440712,0.983612599
3/1/2020 1:57,1.005746765,0.986975945
3/1/2020 2:07,1.003081773,0.997898263
3/1/2020 2:16,0.997420654,0.983430714
3/1/2020 2:26,1.006239441,1.006722224
3/1/2020 2:36,1.006575761,1.003504401
3/1/2020 2:46,1.008482535,1.005615898
3/1/2020 2:56,1.004592741,0.999587192
3/1/2020 3:06,1.004998162,1.004649519
3/1/2020 3:17,1.002765687,1.003675592
3/1/2020 3:27,1.005978644,1.00295001
3/1/2020 3:36,1.003528191,1.000080022
3/1/2020 3:46,0.983387386,0.509038413
3/1/2020 3:56,0.998909135,0.977229593
3/1/2020 4:06,0.99744442,1.00250183
3/1/2020 4:16,1.004434585,0.999622171
3/1/2020 4:27,1.006244166,1.002898689
3/1/2020 4:37,1.001976226,1.001148374
3/1/2020 4:46,1.007238484,0.987819786
3/1/2020 4:56,1.003711728,1.007987242
3/1/2020 5:06,1.002882512,0.987429905
3/1/2020 5:16,1.00350039,0.999463875
3/1/2020 5:26,1.004584099,1.003858299
3/1/2020 5:37,0.995778346,1.008292042
3/1/2020 5:47,1.004873751,1.005159085
3/1/2020 5:56,1.000554994,0.985837993
3/1/2020 6:06,1.002594776,1.002418566
3/1/2020 6:16,1.001160763,1.006904698
3/1/2020 6:26,1.005055842,1.002279122
3/1/2020 6:36,0.99991299,0.998408441
3/1/2020 6:47,1.001768595,1.003593656
3/1/2020 6:57,1.004258994,1.004431179
3/1/2020 7:06,1.006752136,1.002983327
3/1/2020 7:16,1.0070801,0.989725047
3/1/2020 7:26,1.004879953,1.002569202
3/1/2020 7:36,1.006473756,1.000991951
3/1/2020 7:46,1.003324986,1.000008414
3/1/2020 7:57,1.004671863,0.985312805
3/1/2020 8:07,1.000003071,1.002087086
3/1/2020 8:16,1.003009149,1.006379361
3/1/2020 8:26,0.999301212,0.980233096
3/1/2020 8:36,0.999044892,0.986424192
3/1/2020 8:46,1.003489425,1.000231401
3/1/2020 8:56,1.005481816,1.004727004
3/1/2020 9:06,1.003646661,1.002076596
3/1/2020 9:17,1.006008645,1.007595759
3/1/2020 9:27,1.002610839,1.002927811
3/1/2020 9:36,1.001564959,1.003159049
3/1/2020 9:46,1.004281899,1.003063219
3/1/2020 9:56,1.000958633,0.982387578
3/1/2020 10:06,1.001725294,0.978644613
3/1/2020 10:17,1.002449029,1.003068499
3/1/2020 10:27,1.003501048,0.97390605
3/1/2020 10:37,1.005660409,1.002868141
3/1/2020 10:46,1.010446281,0.986633213
3/1/2020 10:56,1.004498131,1.005500962
3/1/2020 11:06,1.00669778,0.990993738
3/1/2020 11:16,1.007486458,0.987635714
3/1/2020 11:26,1.008142062,1.004631433
3/1/2020 11:37,1.005215971,0.999408149
3/1/2020 11:47,1.007338254,1.008348852
3/1/2020 11:56,1.004439308,0.995303582
3/1/2020 12:06,0.99852837,0.986418141
3/1/2020 12:16,1.005778397,1.004174135
3/1/2020 12:26,1.003202752,0.997571776
3/1/2020 12:36,1.004847338,0.999657365
3/1/2020 12:47,1.005342159,1.001174224
3/1/2020 12:57,1.001956092,0.990471723
3/1/2020 13:06,1.005905288,1.002762981
3/1/2020 13:16,1.002770201,0.978037475
3/1/2020 13:26,1.00261407,0.999427044
3/1/2020 13:36,1.004527442,1.002478981
3/1/2020 13:46,1.005458572,1.005818719
3/1/2020 13:57,1.00719848,1.004013577
3/1/2020 14:07,1.001017502,0.996688663
3/1/2020 14:16,1.007372222,1.004263373
3/1/2020 14:26,1.003903611,1.006984637
3/1/2020 14:36,1.000919121,0.989238782
3/1/2020 14:46,1.003676947,1.005357179
3/1/2020 14:56,1.000959059,0.987456656
3/1/2020 15:07,1.006396003,0.982767497
3/1/2020 15:17,0.998290783,1.107001134
3/1/2020 15:26,1.007203302,0.985042159
3/1/2020 15:36,1.000595794,1.000958434
3/1/2020 15:46,1.008359788,1.004469789
3/1/2020 15:56,0.999215036,1.000039277
3/1/2020 16:06,1.00551514,0.99866307
3/1/2020 16:17,0.999194452,1.00909199
3/1/2020 16:27,1.009960384,1.00981776
3/1/2020 16:36,1.005678006,0.989638727
3/1/2020 16:46,1.000752244,0.993868209
3/1/2020 16:56,1.007987518,1.006144294
3/1/2020 17:06,1.003699544,1.003528786
3/1/2020 17:16,1.003781352,0.988873845
3/1/2020 17:27,1.004844394,1.003677692
3/1/2020 17:37,1.007985958,1.010356586
3/1/2020 17:46,1.004209006,1.004461978
3/1/2020 17:56,1.0014967,1.002515501
3/1/2020 18:06,1.001566942,0.980466572
3/1/2020 18:16,1.003837993,1.003048136
3/1/2020 18:26,1.005418123,0.987824873
3/1/2020 18:37,1.002673569,1.002476706
3/1/2020 18:47,1.00241991,0.983016521
3/1/2020 18:56,1.006618824,0.989177824
3/1/2020 19:06,1.005141561,1.007034157
3/1/2020 19:16,1.006111409,0.996486295
3/1/2020 19:26,1.003396163,1.007069608
3/1/2020 19:36,1.004223087,1.006145505
3/1/2020 19:47,1.000227059,0.99923592
3/1/2020 19:57,1.006077565,1.001617098
3/1/2020 20:07,1.005742351,1.002347215
3/1/2020 20:16,1.005254582,1.010366762
3/1/2020 20:26,1.00476144,1.001148392
3/1/2020 20:36,1.005453011,1.00770693
3/1/2020 20:46,1.006261141,1.007789128
3/1/2020 20:57,1.006088902,1.005702833
3/1/2020 21:07,0.999215329,0.987286237
3/1/2020 21:16,1.004438251,1.001671459
3/1/2020 21:26,1.005433647,1.006807489
3/1/2020 21:36,1.004917771,1.003028428
3/1/2020 21:46,0.997214122,1.004140723
3/1/2020 21:56,1.000245185,1.001925872
3/1/2020 22:07,1.007426917,0.987850663
3/1/2020 22:17,1.000859968,0.988076579
3/1/2020 22:27,1.003584338,1.003343057
3/1/2020 22:36,1.004993292,0.984165502
3/1/2020 22:46,1.006927331,1.001756058
3/1/2020 22:56,1.000077657,0.995856088
3/1/2020 23:06,1.002326446,0.998445956
3/1/2020 23:17,1.004768963,1.004623383
3/1/2020 23:27,1.004673019,1.00585925
3/1/2020 23:37,0.998646654,1.004549222
3/1/2020 23:46,1.004253276,1.012488781
3/1/2020 23:56,1.007181526,1.003863549
3/2/2020 0:06,1.004906331,1.005952779
3/2/2020 0:16,1.005907578,1.002190735
3/2/2020 0:27,0.99872059,0.999055569
3/2/2020 0:37,1.004077258,0.987606516
3/2/2020 0:46,1.005419001,0.982991238
3/2/2020 0:56,1.004763513,1.005504403
3/2/2020 1:06,1.008195602,1.003348754
3/2/2020 1:16,1.006765258,0.98626902
3/2/2020 1:26,1.001381586,1.003011811
3/2/2020 1:37,1.00263939,0.9988072
3/2/2020 1:47,1.003284222,1.006160771
3/2/2020 1:56,1.000719447,1.006197522
3/2/2020 2:06,1.006612695,0.986605799
3/2/2020 2:16,1.004928588,1.004104062
3/2/2020 2:26,1.003081176,1.004710764
3/2/2020 2:36,0.998028099,1.004538485
3/2/2020 2:47,1.006340761,1.003690414
3/2/2020 2:57,1.006564922,1.004556401
3/2/2020 3:06,1.003974549,1.007122787
3/2/2020 3:16,1.001562824,1.001292967
3/2/2020 3:26,1.004281566,1.005510002
3/2/2020 3:36,1.002485035,0.981300338
3/2/2020 3:46,1.002481111,0.988224951
3/2/2020 3:57,1.003853766,0.984465914
3/2/2020 4:07,1.003075855,1.00164469
3/2/2020 4:16,1.003647472,1.000387749
3/2/2020 4:26,1.00617215,0.987247852
3/2/2020 4:36,1.004008236,1.006711133
3/2/2020 4:46,1.0035471,1.004609216
3/2/2020 4:56,1.001636735,0.984616585
3/2/2020 5:07,1.002269702,0.99943353
3/2/2020 5:17,0.998335843,0.982478933
3/2/2020 5:26,1.005667895,1.004346728
3/2/2020 5:36,1.00537181,1.006778744
3/2/2020 5:46,1.004307576,1.007431967
3/2/2020 5:56,1.004516158,1.010328402
3/2/2020 6:06,1.005313017,1.001410764
3/2/2020 6:17,1.000562992,1.001978252
3/2/2020 6:27,1.000222416,1.002430618
3/2/2020 6:36,1.002653303,1.001937646
3/2/2020 6:46,0.99823635,1.003201151
3/2/2020 6:56,1.006710672,1.00776438
3/2/2020 7:06,1.004685622,0.998155637
3/2/2020 7:16,1.009719591,1.010326353
3/2/2020 7:27,1.00541431,0.988604671
3/2/2020 7:37,1.003851708,0.999007149
3/2/2020 7:46,0.998359859,1.011535925
3/2/2020 7:56,1.004843612,0.998708986
3/2/2020 8:06,1.004514421,1.002945358
3/2/2020 8:16,1.004091677,1.006293431
3/2/2020 8:26,0.998567727,1.002719908
3/2/2020 8:37,1.007954159,0.979702076
3/2/2020 8:47,1.006517561,1.004129176
3/2/2020 8:57,1.001453623,1.001199588
3/2/2020 9:06,1.004239627,0.983916987
3/2/2020 9:16,1.004686726,1.004277409
3/2/2020 9:26,1.001050657,0.999340267
3/2/2020 9:36,1.009099556,1.004523493
3/2/2020 9:47,0.999622963,1.003738171
3/2/2020 9:57,1.000430181,0.997015155
3/2/2020 10:07,1.003525467,1.001619996
3/2/2020 10:16,1.006095788,0.998406489
3/2/2020 10:26,1.002521255,0.998172534
3/2/2020 10:36,1.004330257,1.003569206
3/2/2020 10:46,1.003260836,1.002071604
3/2/2020 10:56,1.003179401,0.98018356
3/2/2020 11:07,1.003408291,1.003806135
3/2/2020 11:17,1.004273164,0.998275294
3/2/2020 11:26,0.998380819,0.97741512
3/2/2020 11:36,1.002513606,1.005326671
3/2/2020 11:46,1.00154685,1.000311527
3/2/2020 11:56,1.004586468,0.989963983
3/2/2020 12:06,1.005459998,0.999356534
3/2/2020 12:17,0.997828864,0.983067716
3/2/2020 12:27,1.004726209,0.999828951
3/2/2020 12:36,1.004961781,1.001441058
3/2/2020 12:46,1.004857539,1.005613794
3/2/2020 12:56,1.001068737,0.978574928
3/2/2020 13:06,1.008759904,1.005378675
3/2/2020 13:16,0.996725016,1.002624027
3/2/2020 13:27,1.004288472,1.001690686
3/2/2020 13:37,1.005365821,0.981680072
3/2/2020 13:46,0.997655001,1.004387404
3/2/2020 13:56,1.007008789,1.002412123
3/2/2020 14:06,1.005927492,1.008105493
3/2/2020 14:16,1.005771689,0.995661224
3/2/2020 14:26,1.002674035,0.997472214
3/2/2020 14:37,1.001090527,0.988617627
3/2/2020 14:47,1.003596539,0.986259409
3/2/2020 14:56,1.000078931,0.999369707
3/2/2020 15:06,1.003015822,1.006480081
3/2/2020 15:16,1.007363071,0.989764106
3/2/2020 15:26,0.999919943,1.000257563
3/2/2020 15:36,1.005185749,0.986737612
3/2/2020 15:47,1.001709359,1.002656823
3/2/2020 15:57,0.993528816,1.001401153
3/2/2020 16:07,1.001491843,0.984326676
3/2/2020 16:16,1.000647689,1.000617013
3/2/2020 16:26,1.006795471,0.981163525
3/2/2020 16:36,1.000471441,1.000732455
3/2/2020 16:46,0.998224485,0.986245489
3/2/2020 16:57,1.003153347,0.985159945
3/2/2020 17:07,1.005622553,1.002951516
3/2/2020 17:17,1.003485323,0.981761567
3/2/2020 17:26,1.000758938,0.999569826
3/2/2020 17:36,1.002031352,0.980707871
3/2/2020 17:46,1.004733996,0.987699014
3/2/2020 17:56,0.995236901,0.985709045
3/2/2020 18:07,1.002636711,1.001052979
3/2/2020 18:17,1.003090985,0.999973959
3/2/2020 18:27,1.003499555,1.00437275
3/2/2020 18:36,1.000837422,1.000132457
3/2/2020 18:46,1.001773381,1.000150531
3/2/2020 18:56,1.001250443,0.985579329
3/2/2020 19:06,1.000384614,0.974642322
3/2/2020 19:17,0.999503865,0.975857529
3/2/2020 19:27,0.997939008,0.998716866
3/2/2020 19:37,1.002835277,0.99277038
3/2/2020 19:46,1.003091232,1.001440765
3/2/2020 19:56,1.003664618,1.003511829
3/2/2020 20:06,29.39652555,22.03818117
3/2/2020 20:16,0.99632147,0.984578817
3/2/2020 20:27,29.30660383,21.66138199
3/2/2020 20:37,0.996982897,0.976084165
3/2/2020 20:47,0.998426407,0.985342262
3/2/2020 20:56,0.926053847,0.950493511
3/2/2020 21:06,1.001024186,0.986862012
3/2/2020 21:16,28.78902592,20.16405583
3/2/2020 21:26,29.95010939,25.62492236
3/2/2020 21:37,0.998590928,0.999068282
3/2/2020 21:47,29.9162207,25.30425823
3/2/2020 21:57,1.000415258,0.997150368
3/2/2020 22:06,1.003294262,0.998831265
3/2/2020 22:16,29.7102447,24.44587669
3/2/2020 22:26,29.61551397,25.72392103
3/2/2020 22:36,1.001410089,1.045733013
3/2/2020 22:47,0.997994219,1.041890733
3/2/2020 22:57,1.003988699,1.050688694
3/2/2020 23:07,1.00145087,1.04581606
3/2/2020 23:16,1.004352861,1.045311128
3/2/2020 23:26,1.008299008,1.048074134
3/2/2020 23:36,0.992960986,1.03765909
3/2/2020 23:46,1.003350831,1.041549901
3/2/2020 23:57,1.000799006,0.997631048
3/3/2020 0:07,1.0035063,1.009594586
3/3/2020 0:17,1.002520058,0.980466756
3/3/2020 0:27,0.996988437,0.990910073
3/3/2020 0:36,1.003671888,0.987954069
3/3/2020 0:46,0.996769179,0.997982082
3/3/2020 0:56,0.454613259,0.776213076
3/3/2020 1:07,0.999760366,0.987110241
3/3/2020 1:17,0.999158768,1.002992888
3/3/2020 1:27,0.996521204,1.045141165
3/3/2020 1:37,1.006762818,1.025729515
3/3/2020 1:46,1.004853629,1.021806791
3/3/2020 1:56,29.26070436,25.11850996
3/3/2020 2:06,1.00178279,1.041380359
3/3/2020 2:17,28.71457378,24.95557266
3/3/2020 2:27,1.006009852,1.030258474
3/3/2020 2:37,1.001069711,1.044499824
3/3/2020 2:47,1.004799503,1.023200645
3/3/2020 2:56,1.011480001,1.050103795
3/3/2020 3:06,1.007066332,1.046822212
3/3/2020 3:16,1.006425493,1.044821354
3/3/2020 3:27,1.003896982,1.045593539
3/3/2020 3:37,1.004131008,1.042470391
3/3/2020 3:47,1.00139651,1.040490207
3/3/2020 3:57,0.997952783,0.997144198
3/3/2020 4:06,1.003655805,0.983268579
3/3/2020 4:16,1.001966121,0.975178467
3/3/2020 4:26,1.00224339,1.000222158
3/3/2020 4:37,0.99834293,0.999384918
3/3/2020 4:47,1.003472274,1.00649926
3/3/2020 4:57,0.997822234,0.996608744
3/3/2020 5:07,0.998041619,0.968550178
3/3/2020 5:16,0.999185986,0.982395055
3/3/2020 5:26,0.995466301,1.0005197
3/3/2020 5:36,0.981141733,1.004520607
3/3/2020 5:47,0.998813312,1.003453237
3/3/2020 5:57,0.995139654,0.997744543
3/3/2020 6:07,1.001899446,1.002372489
3/3/2020 6:17,1.004414497,1.004870659
3/3/2020 6:26,0.998789787,0.996053172
3/3/2020 6:36,1.000805059,0.981157015
3/3/2020 6:46,1.00072544,0.998956985
3/3/2020 6:57,1.003925672,1.005529135
3/3/2020 7:07,1.00473581,1.007229929
3/3/2020 7:17,0.998346446,0.971818759
3/3/2020 7:27,0.999006293,0.997690085
3/3/2020 7:36,0.995062174,0.998025053
3/3/2020 7:46,1.001041939,0.999457498
3/3/2020 7:56,1.003604307,1.005268051
3/3/2020 8:06,1.001625502,0.999718581
3/3/2020 8:17,1.000650161,0.99960474
3/3/2020 8:27,1.002787579,1.001353235
3/3/2020 8:37,0.998103783,0.996775113
3/3/2020 8:47,1.004270396,1.001292727
3/3/2020 8:56,0.998709009,0.996979324
3/3/2020 9:06,1.001362526,0.99635326
3/3/2020 9:16,1.000009055,0.983102395
3/3/2020 9:27,1.005050018,0.980647992
3/3/2020 9:37,1.005083245,1.005247579
3/3/2020 9:47,1.004883268,1.000697899
3/3/2020 9:57,1.000331892,0.982783171
3/3/2020 10:06,1.003780043,0.984814629
3/3/2020 10:16,1.002381088,0.986762975
3/3/2020 10:26,1.001386577,0.989352793
3/3/2020 10:37,1.004482267,1.002593832
3/3/2020 10:47,1.00331888,1.003941519
3/3/2020 10:57,0.998655685,0.970304819
3/3/2020 11:07,0.999627462,0.986320576
3/3/2020 11:16,1.004573607,1.003402171
3/3/2020 11:26,0.998666846,0.999209936
3/3/2020 11:36,1.002578792,0.984763317
3/3/2020 11:47,1.004168396,0.989653638
3/3/2020 11:57,0.996404971,0.995344089
3/3/2020 12:07,1.002966762,1.004749158
3/3/2020 12:17,1.005390813,1.006591304
3/3/2020 12:26,0.998685333,0.99706123
3/3/2020 12:36,1.003864806,0.982439929
3/3/2020 12:46,1.00158501,0.999969725
3/3/2020 12:57,1.005545686,1.00154584
3/3/2020 13:07,1.00564796,1.004676178
3/3/2020 13:17,0.99832672,0.984388507
3/3/2020 13:27,0.993875381,1.002920964
3/3/2020 13:36,1.003553928,1.004254022
3/3/2020 13:46,1.00364558,0.998827754
3/3/2020 13:56,1.003208212,1.00378656
3/3/2020 14:07,0.999649325,1.004178663
3/3/2020 14:17,1.005288554,1.001154087
3/3/2020 14:27,1.002063906,0.996075937
3/3/2020 14:37,1.00087292,0.978554456
3/3/2020 14:46,1.000314868,0.999345237
3/3/2020 14:56,1.003625834,0.983670853
3/3/2020 15:06,0.996954845,0.974493294
3/3/2020 15:17,1.00430744,1.004290637
3/3/2020 15:27,1.005775364,0.99959388
3/3/2020 15:37,1.004049714,1.002032396
3/3/2020 15:47,0.997110746,0.983427201
3/3/2020 15:56,1.00339919,1.000337565
3/3/2020 16:06,0.587580363,0.918725657
3/3/2020 16:17,1.001498739,0.982204921
3/3/2020 16:27,1.00176461,1.001897887
3/3/2020 16:37,29.48430988,21.2898166
3/3/2020 16:47,28.78258824,21.0423892
3/3/2020 16:57,1.001470495,0.984182308
3/3/2020 17:06,0.992597228,0.986575601
3/3/2020 17:16,1.002760635,1.002151065
3/3/2020 17:27,0.997981359,1.007286075
3/3/2020 17:37,0.999049194,1.000616452
3/3/2020 17:47,1.003921321,1.004032415
3/3/2020 17:57,0.997384745,1.001389674
3/3/2020 18:07,29.60251237,24.44694786
3/3/2020 18:16,1.004273462,1.003489718
3/3/2020 18:26,0.997802829,1.000268888
3/3/2020 18:37,0.998084921,0.991241787
3/3/2020 18:47,1.004603165,1.005897392
3/3/2020 18:57,1.000475035,1.001642773
3/3/2020 19:07,0.989817434,1.002232783
3/3/2020 19:17,1.002350672,1.006055362
3/3/2020 19:26,1.00237366,1.005602438
3/3/2020 19:36,0.999438766,0.998593179
3/3/2020 19:47,0.998246533,1.007967515
3/3/2020 19:57,0.997438192,1.001155248
3/3/2020 20:07,30.1793496,25.10516677
3/3/2020 20:17,0.999735949,0.996647486
3/3/2020 20:27,29.83757074,24.76038139
3/3/2020 20:36,1.000493165,0.979961605
3/3/2020 20:46,1.003523856,1.044419709
3/3/2020 20:57,1.003970967,1.047012925
3/3/2020 21:07,0.999468246,1.018949874
3/3/2020 21:17,1.001869846,1.005294006
3/3/2020 21:27,1.000633028,0.998629701
3/3/2020 21:37,1.005551538,1.007071791
3/3/2020 21:46,1.00055322,0.994960472
3/3/2020 21:56,1.000471661,0.98017851
3/3/2020 22:07,1.300470911,0.902617171
3/3/2020 22:17,29.52622436,20.9534508
3/3/2020 22:27,1.001204598,1.00451268
3/3/2020 22:37,18.99620222,14.50402022
3/3/2020 22:47,1.002968175,1.002773433
3/3/2020 22:56,1.003782752,1.044997917
3/3/2020 23:06,13.45370682,9.074898636
3/3/2020 23:17,1.001020984,1.043895512
3/3/2020 23:27,0.998315242,1.039675
3/3/2020 23:37,0.988986495,1.026476246
3/3/2020 23:47,0.999527951,1.040007905
3/3/2020 23:57,1.004975994,1.047873252
3/4/2020 0:07,1.009103192,1.050630455
3/4/2020 0:16,1.008430126,1.052082616
3/4/2020 0:27,1.008589646,1.0429075
3/4/2020 0:37,1.007262816,1.047227878
3/4/2020 0:47,1.00330988,1.041758585
3/4/2020 0:57,1.004891654,1.027613626
3/4/2020 1:07,1.006297049,1.042855553
3/4/2020 1:17,1.002308965,1.021973831
3/4/2020 1:26,1.00099746,1.042646754
3/4/2020 1:37,0.998497466,1.040606063
3/4/2020 1:47,0.999288706,0.982384813
3/4/2020 1:57,1.002864836,1.004281374
3/4/2020 2:07,1.003994006,0.999224949
3/4/2020 2:17,0.998822144,0.99646593
3/4/2020 2:27,1.002616528,0.999231252
3/4/2020 2:36,1.049244416,0.987574405
3/4/2020 2:47,1.00076172,0.983726012
3/4/2020 2:57,0.992075797,0.991823623
3/4/2020 3:07,0.999359968,1.00045331
3/4/2020 3:17,1.003227578,1.005313161
3/4/2020 3:27,0.99767371,1.000551899
3/4/2020 3:37,0.999209705,0.998801508
3/4/2020 3:46,0.994261948,1.000491132
3/4/2020 3:56,0.998836416,0.998438441
3/4/2020 4:07,1.001290932,1.002211066
3/4/2020 4:17,0.99608776,0.999222665
3/4/2020 4:27,1.003362481,1.003682347
3/4/2020 4:37,0.999201273,1.053637393
3/4/2020 4:47,1.006794005,0.985893902
3/4/2020 4:56,0.998987554,0.986265122
3/4/2020 5:06,0.997180884,1.004092746
3/4/2020 5:17,0.999479295,0.997404597
3/4/2020 5:27,1.00057397,0.99982891
3/4/2020 5:37,0.989772731,0.981380939
3/4/2020 5:47,1.00003571,0.987857512
3/4/2020 5:57,0.997800151,0.995699139
3/4/2020 6:06,1.001052792,1.004444737
3/4/2020 6:16,1.003165236,1.00146011
3/4/2020 6:27,0.993830883,1.001410343
3/4/2020 6:37,1.002506563,0.997583941
3/4/2020 6:47,1.003901059,1.000267593
3/4/2020 6:57,1.0041411,1.00258381
3/4/2020 7:07,0.997373851,1.000259063
3/4/2020 7:16,1.002760571,1.001666008
3/4/2020 7:27,0.998807684,0.999753149
3/4/2020 7:37,1.002331675,0.983359928
3/4/2020 7:47,0.99856897,1.003256661
3/4/2020 7:57,1.003057373,1.002663124
3/4/2020 8:07,1.001717445,1.002787326
3/4/2020 8:17,1.003482656,0.999713289
3/4/2020 8:26,0.995465778,0.977781103
3/4/2020 8:36,1.001509391,0.986315761
3/4/2020 8:47,1.007473559,1.003941491
3/4/2020 8:57,0.996434063,0.984242171
3/4/2020 9:07,0.999211515,0.998514193
3/4/2020 9:17,1.000498794,1.000748959
3/4/2020 9:27,1.002547138,0.999462206
3/4/2020 9:36,1.002673266,0.981465863
3/4/2020 9:46,1.003454172,1.002219556
3/4/2020 9:57,1.00269073,0.980517303
3/4/2020 10:07,0.99947783,1.001432558
3/4/2020 10:17,1.005417154,0.985986986
3/4/2020 10:27,1.003562816,0.989701008
3/4/2020 10:37,1.004993705,0.99735886
3/4/2020 10:46,1.003780011,0.989811753
3/4/2020 10:56,1.006096091,1.001181785
3/4/2020 11:07,0.427625079,1.012849899
3/4/2020 11:17,0.999344364,1.005759373
3/4/2020 11:27,1.002104787,0.981279882
3/4/2020 11:37,1.004509571,1.0044812
3/4/2020 11:47,1.004318362,1.000479828
3/4/2020 11:57,1.009062287,1.00113643
3/4/2020 12:06,1.006948757,1.006901257
3/4/2020 12:17,1.004466764,0.987604689
3/4/2020 12:27,1.008554697,1.006866645
3/4/2020 12:37,0.997280193,0.981608844
3/4/2020 12:47,0.99922494,1.001134996
3/4/2020 12:57,1.006694085,0.996467877
3/4/2020 13:07,1.009067121,1.004556006
3/4/2020 13:16,0.999599512,1.006654669
3/4/2020 13:27,1.00147057,0.98718028
3/4/2020 13:37,0.998727898,0.97234839
3/4/2020 13:47,1.005797735,1.002897293
3/4/2020 13:57,0.999872777,0.994596019
3/4/2020 14:07,0.999618683,1.002429947
3/4/2020 14:17,1.001942925,0.998769626
3/4/2020 14:26,1.006909288,0.98983702
3/4/2020 14:37,1.001360478,1.00398822
3/4/2020 14:47,0.996486342,0.980441685
3/4/2020 14:57,1.005555258,1.000931478
3/4/2020 15:07,1.001536826,0.997545798
3/4/2020 15:17,1.000702633,1.001137255
3/4/2020 15:27,1.000704498,0.982878348
3/4/2020 15:36,1.005912922,1.004166859
3/4/2020 15:47,1.003747473,1.003914812
3/4/2020 15:57,0.998525975,0.998591029
3/4/2020 16:07,1.002766635,1.003393978
3/4/2020 16:17,1.006293011,1.006702236
3/4/2020 16:27,1.00165899,1.003188808
3/4/2020 16:37,1.00404887,1.003579618
3/4/2020 16:46,1.001333399,0.982672217
3/4/2020 16:57,1.001456627,0.998079951
3/4/2020 17:07,1.000646899,0.982651028
3/4/2020 17:17,1.00504858,1.001370899
3/4/2020 17:27,1.005477881,1.00144596
3/4/2020 17:37,1.001027947,0.984284476
3/4/2020 17:47,1.003029304,1.000494076
3/4/2020 17:56,1.002288134,0.978842813
3/4/2020 18:07,1.003425844,0.999993628
3/4/2020 18:17,0.999162348,1.002742705
3/4/2020 18:27,0.997048993,1.004708488
3/4/2020 18:37,0.99922386,1.000875777
3/4/2020 18:47,1.002777721,0.998992647
3/4/2020 18:57,0.996831946,1.00489673
3/4/2020 19:06,0.997468696,0.997691576
3/4/2020 19:16,1.000626553,0.999409787
3/4/2020 19:27,1.001180363,1.00668591
3/4/2020 19:37,1.002397387,1.002498764
3/4/2020 19:47,1.007082405,0.993951792
3/4/2020 19:57,1.003930165,0.987468777
3/4/2020 20:07,1.000666333,1.000755216
3/4/2020 20:16,0.999927132,1.00115202
3/4/2020 20:27,1.001711595,0.988336878
3/4/2020 20:37,0.999531456,0.994815743
3/4/2020 20:47,0.998541103,0.995064123
3/4/2020 20:57,0.998952322,1.002120314
3/4/2020 21:07,0.996993747,1.001066253
3/4/2020 21:17,1.001306843,1.002200279
3/4/2020 21:26,1.000453663,1.001738654
3/4/2020 21:37,0.9999255,1.002868861
3/4/2020 21:47,1.005108878,0.995842184
3/4/2020 21:57,0.994223397,1.000820304
3/4/2020 22:07,0.946001455,0.934882191
3/4/2020 22:17,1.0078517,1.002150326
3/4/2020 22:27,1.000769612,0.983298614
3/4/2020 22:36,1.002793289,1.004886124
3/4/2020 22:47,0.998964513,1.002486182
3/4/2020 22:57,0.999136589,1.001228262
3/4/2020 23:07,0.99634284,0.981765983
3/4/2020 23:17,1.001865146,1.001884262
3/4/2020 23:27,1.000161563,0.99640309
3/4/2020 23:37,1.008014058,1.000335636
3/4/2020 23:46,1.002434606,0.998754307
3/4/2020 23:57,1.004024507,0.99858512
3/5/2020 0:07,0.995133358,1.004147783
3/5/2020 0:17,1.000145596,0.99771711
3/5/2020 0:27,1.000378194,1.000227534
3/5/2020 0:37,1.001307906,1.000451848
3/5/2020 0:47,1.017114806,0.978313768
3/5/2020 0:56,1.001249338,0.984313133
3/5/2020 1:07,1.004540051,1.010680151
3/5/2020 1:17,0.99880469,0.980761393
3/5/2020 1:27,1.004230624,1.004077574
3/5/2020 1:37,30.44101053,24.9221918
3/5/2020 1:47,0.999483188,0.997390605
3/5/2020 1:57,0.997995204,0.982486434
3/5/2020 2:06,1.001400578,0.99943907
3/5/2020 2:17,30.33065297,25.21360909
3/5/2020 2:27,1.001227897,1.002847941
3/5/2020 2:37,0.999296238,0.985602043
3/5/2020 2:47,1.005441443,1.006347807
3/5/2020 2:57,1.003895958,0.981664832
3/5/2020 3:07,0.995402051,0.980913739
3/5/2020 3:16,1.004797195,1.001378819
3/5/2020 3:27,1.001155054,0.999850733
3/5/2020 3:37,0.99663553,0.998120824
3/5/2020 3:47,0.998656222,0.986075284
3/5/2020 3:57,1.000453577,0.985852954
3/5/2020 4:07,0.995929713,0.998210862
3/5/2020 4:17,0.998577348,0.98303771
3/5/2020 4:26,1.004294944,1.007444258
3/5/2020 4:37,0.99758097,0.979742347
3/5/2020 4:47,0.999254478,1.005147917
3/5/2020 4:57,0.998387001,0.999386973
3/5/2020 5:07,1.002477188,1.009036437
3/5/2020 5:17,0.997962918,0.998367107
3/5/2020 5:27,1.005272833,0.990394509
3/5/2020 5:36,0.994187303,0.994158522
3/5/2020 5:47,0.998419186,0.999314241
3/5/2020 5:57,1.000750139,1.000566653
3/5/2020 6:07,0.996414289,1.006313019
3/5/2020 6:17,0.999015531,1.000303417
3/5/2020 6:27,0.997930489,0.979006672
3/5/2020 6:37,1.004969988,0.987358165
3/5/2020 6:46,1.00449634,0.98267725
3/5/2020 6:57,1.001349971,0.999619508
3/5/2020 7:07,1.000790595,0.999104724
3/5/2020 7:17,1.002981684,1.00259414
3/5/2020 7:27,1.007383184,1.003644819
3/5/2020 7:37,1.003400381,0.998940124
3/5/2020 7:47,1.000940685,1.000027871
3/5/2020 7:56,1.001827683,0.999985022
3/5/2020 8:07,1.001384192,0.986488802
3/5/2020 8:17,0.997993617,0.97764464
3/5/2020 8:27,1.001694755,0.990167165
3/5/2020 8:37,1.002880223,1.004022364
3/5/2020 8:47,1.005068066,1.002195527
3/5/2020 8:57,1.001554862,0.977958595
3/5/2020 9:07,1.003416969,1.007088008
3/5/2020 9:17,1.001263092,0.985444502
3/5/2020 9:27,0.999712881,0.984792738
3/5/2020 9:37,1.007749683,0.98627622
3/5/2020 9:47,0.99975526,1.003294758
3/5/2020 9:57,1.003679412,0.982941287
3/5/2020 10:07,1.002268526,0.988972314
3/5/2020 10:17,1.005439437,1.002850151
3/5/2020 10:26,1.002885276,1.005830612
3/5/2020 10:37,1.000741694,1.003399744
3/5/2020 10:47,1.001145176,0.982366599
3/5/2020 10:57,1.003998813,1.001746415
3/5/2020 11:07,1.004919114,1.011157053
3/5/2020 11:17,1.003264486,1.001898396
3/5/2020 11:27,1.00572507,1.003429527
3/5/2020 11:36,0.999208662,0.997265599
3/5/2020 11:47,1.006160398,1.003035996
3/5/2020 11:57,1.00278209,0.933853816
3/5/2020 12:07,1.007283336,1.007419544
3/5/2020 12:17,1.005304677,0.98713986
3/5/2020 12:27,1.001601456,0.999161143
3/5/2020 12:37,1.005322555,0.984476377
3/5/2020 12:46,1.000631257,1.000447397
3/5/2020 12:57,1.005555078,1.003362967
3/5/2020 13:07,1.004109617,1.002034106
3/5/2020 13:17,1.004063819,1.003801705
3/5/2020 13:27,1.005192135,1.004051246
3/5/2020 13:37,1.001233656,1.000288779
3/5/2020 13:47,1.004553351,1.001823862
3/5/2020 13:56,1.005447005,0.986467361
3/5/2020 14:07,1.004247222,1.001699733
3/5/2020 14:17,1.003785661,1.000678341
3/5/2020 14:27,1.003789955,0.998121152
3/5/2020 14:37,1.002322218,1.005050673
3/5/2020 14:47,1.006054658,1.001947799
3/5/2020 14:57,1.003716294,0.984030181
3/5/2020 15:06,1.005746291,1.00109539
3/5/2020 15:17,1.000640359,0.982332744
3/5/2020 15:27,1.001105617,0.999394861
3/5/2020 15:37,1.005019782,1.00391916
3/5/2020 15:47,1.003701526,0.987235066
3/5/2020 15:57,0.998180519,0.981019788
3/5/2020 16:07,1.005716066,1.004040955
3/5/2020 16:17,1.000375669,0.999493292
3/5/2020 16:27,0.998512969,0.997700069
3/5/2020 16:37,1.003658362,1.00194238
3/5/2020 16:47,1.004646894,0.987097808
3/5/2020 16:57,1.002934757,0.998482298
3/5/2020 17:07,1.002271671,1.007255397
3/5/2020 17:17,1.003458863,0.989599277
3/5/2020 17:27,1.004688985,1.005213466
3/5/2020 17:37,1.001005133,0.970625013
3/5/2020 17:47,1.005218913,1.005120902
3/5/2020 17:57,1.001152371,1.00280337
3/5/2020 18:07,1.000316953,0.978362542
3/5/2020 18:17,1.001031516,1.001674861
3/5/2020 18:27,1.003419871,0.986555392
3/5/2020 18:37,1.001050645,1.000054497
3/5/2020 18:47,0.999461175,1.001190423
3/5/2020 18:57,0.998762443,0.999060288
3/5/2020 19:07,1.002164134,0.996838879
3/5/2020 19:17,1.000196975,0.996620699
3/5/2020 19:27,1.001774474,1.004262805
3/5/2020 19:37,1.003762136,0.985002487
3/5/2020 19:47,1.00104311,1.004726868
3/5/2020 19:57,0.996677275,0.997373067
3/5/2020 20:07,0.997959838,0.996957255
3/5/2020 20:17,1.000214669,1.004214446
3/5/2020 20:27,0.999106306,0.995472317
3/5/2020 20:37,1.00427555,1.007671491
3/5/2020 20:47,1.001005386,0.977321976
3/5/2020 20:57,1.001049831,1.003647585
3/5/2020 21:06,1.005890361,1.007338552
3/5/2020 21:17,1.001686781,0.999020144
3/5/2020 21:27,1.002957025,1.000226865
3/5/2020 21:37,0.998281283,0.984093734
3/5/2020 21:47,1.00588633,0.981969258
3/5/2020 21:57,1.000944007,1.000511096
3/5/2020 22:07,1.00014669,0.995976452
3/5/2020 22:16,1.003988071,1.005612126
3/5/2020 22:27,1.001550922,1.005354848
3/5/2020 22:37,1.00272707,1.004096121
3/5/2020 22:47,1.000757306,0.998289394
3/5/2020 22:57,1.002816032,1.008321976
3/5/2020 23:07,1.003921193,1.007018643
3/5/2020 23:17,1.000277025,0.984101297
3/5/2020 23:26,1.002680965,0.980361412
3/5/2020 23:37,1.002618631,1.001746529
3/5/2020 23:47,1.004404218,1.002730872
3/5/2020 23:57,1.003612457,1.000691339
3/6/2020 0:07,1.002360835,0.99980426
3/6/2020 0:17,0.989874417,0.994075272
3/6/2020 0:27,1.001813598,0.99833262
3/6/2020 0:36,0.996878577,0.993594877
3/6/2020 0:47,1.002526621,1.000011972
3/6/2020 0:57,30.36246395,25.4704
3/6/2020 1:07,1.001338404,1.003460862
3/6/2020 1:17,0.999709765,0.996356353
3/6/2020 1:27,1.000822577,0.984913608
3/6/2020 1:37,0.997460626,0.988095173
3/6/2020 1:46,0.999632643,0.995023081
3/6/2020 1:57,1.002759832,1.001373683
3/6/2020 2:07,1.002764122,1.000008436
3/6/2020 2:17,0.994646322,1.002658911
3/6/2020 2:27,0.996701334,1.000691151
3/6/2020 2:37,0.998894364,0.974878035
3/6/2020 2:47,0.997951392,0.998778425
3/6/2020 2:56,0.999824198,0.999174449
3/6/2020 3:07,1.000413947,1.001699291
3/6/2020 3:17,1.002544019,0.999682999
3/6/2020 3:27,1.000990805,1.000850961
3/6/2020 3:37,1.000180897,0.985061055
3/6/2020 3:47,1.001375415,0.977941126
3/6/2020 3:57,1.003187369,0.984230529
3/6/2020 4:06,0.995879964,0.990769986
3/6/2020 4:17,1.001714832,0.985044858
3/6/2020 4:27,1.001895782,1.003767817
3/6/2020 4:37,0.998439868,0.976990326
3/6/2020 4:47,1.003371968,1.009088713
3/6/2020 4:57,1.000374335,0.997800018
3/6/2020 5:07,0.998664822,0.981096604
3/6/2020 5:16,1.001234082,1.006189733
3/6/2020 5:27,1.001073341,0.997715355
3/6/2020 5:37,1.002259992,0.998705589
3/6/2020 5:47,1.003778726,0.984175188
3/6/2020 5:57,1.003289871,0.982640847
3/6/2020 6:07,0.999848336,1.001432924
3/6/2020 6:17,1.001295121,1.005321988
3/6/2020 6:27,0.997612563,0.997580931
3/6/2020 6:37,0.995013382,0.999250533
3/6/2020 6:47,1.000328871,1.001810621
3/6/2020 6:57,0.996823263,1.004055973
3/6/2020 7:07,1.000674893,0.998050755
3/6/2020 7:17,1.001616415,0.990110082
3/6/2020 7:27,0.997592062,0.997981847
3/6/2020 7:36,0.996550634,0.984110578
3/6/2020 7:47,0.998756792,0.979878318
3/6/2020 7:57,1.000170238,1.006460779
3/6/2020 8:07,0.996616104,1.001988293
3/6/2020 8:17,1.000865431,0.98436294
3/6/2020 8:27,1.002829814,1.005043271
3/6/2020 8:37,1.003930591,0.99354816
3/6/2020 8:47,0.998374631,0.977416498
3/6/2020 8:57,1.002111222,0.999246887
3/6/2020 9:07,1.003379046,0.985607367
3/6/2020 9:17,0.99767208,0.987383071
3/6/2020 9:27,1.002235359,1.000167443
3/6/2020 9:37,1.002904242,0.9990197
3/6/2020 9:47,1.000489625,0.995275827
3/6/2020 9:56,1.003328921,1.004846142
3/6/2020 10:07,1.002465675,0.985904373
3/6/2020 10:17,0.992376072,0.992667963
3/6/2020 10:27,1.004605515,1.005334164
3/6/2020 10:37,1.002975016,1.003339917
3/6/2020 10:47,1.00130319,1.001213462
3/6/2020 10:57,1.003149873,0.999979902
3/6/2020 11:07,0.999490105,0.999580934
3/6/2020 11:17,1.005266633,1.004455214
3/6/2020 11:27,1.00266551,1.006006398
3/6/2020 11:37,0.998083636,1.00073899
3/6/2020 11:47,0.998935809,1.002719145
3/6/2020 11:57,0.998359384,0.998937859
3/6/2020 12:07,1.001929901,1.002300359
3/6/2020 12:17,1.005098404,1.005418871
3/6/2020 12:27,0.995845887,0.9924392
3/6/2020 12:37,1.003816064,1.001256487
3/6/2020 12:47,1.003273946,1.004175666
3/6/2020 12:57,0.996622057,0.999148376
3/6/2020 13:07,0.997934926,0.98385873
3/6/2020 13:17,0.999407303,0.999687379
3/6/2020 13:26,1.006218924,0.987030632
3/6/2020 13:37,0.99765683,0.987075277
3/6/2020 13:47,1.004327708,1.002540289
3/6/2020 13:57,0.99824734,0.985340138
3/6/2020 14:07,0.997995111,0.977853174
3/6/2020 14:17,1.001635998,0.997840375
3/6/2020 14:27,1.002465316,0.979408516
3/6/2020 14:37,1.007186088,1.007406365
3/6/2020 14:47,1.001536189,1.004663331
3/6/2020 14:57,1.000275466,1.00097354
3/6/2020 15:07,1.00416065,0.996789578
3/6/2020 15:17,1.002221517,1.006622518
3/6/2020 15:27,0.997438484,0.999075348
3/6/2020 15:37,0.999354659,0.997370095
3/6/2020 15:47,1.002851461,0.982175935
3/6/2020 15:57,1.005956823,0.988792925
3/6/2020 16:07,1.004770024,1.005044695
3/6/2020 16:17,0.999553954,1.000578529
3/6/2020 16:27,1.00204422,0.99879163
3/6/2020 16:37,0.996396832,0.998362281
3/6/2020 16:47,1.001469308,0.987292296
3/6/2020 16:57,1.005436079,1.005560308
3/6/2020 17:07,1.004930493,1.001604752
3/6/2020 17:17,1.000095015,1.000318306
3/6/2020 17:27,0.99972107,0.995144844
3/6/2020 17:37,0.995473584,0.991820465
3/6/2020 17:47,1.012408765,1.003298433
3/6/2020 17:57,1.002847066,0.979945004
3/6/2020 18:06,1.000060385,0.984830132
3/6/2020 18:17,1.000872919,1.000596016
3/6/2020 18:27,1.006870199,1.005079682
3/6/2020 18:37,1.003836553,1.002200979
3/6/2020 18:47,29.3598483,21.06293508
3/6/2020 18:57,2.709949286,0.656372121
3/6/2020 19:07,17.08740564,12.34691492
3/6/2020 19:18,1.000476387,1.002496113
3/6/2020 19:27,0.996599086,1.005425889
3/6/2020 19:37,0.99885921,1.041783136
3/6/2020 19:47,1.003880633,1.044466646
3/6/2020 19:58,0.992243311,0.549496954
3/6/2020 20:07,1.005827163,1.029526476
3/6/2020 20:17,0.997975946,1.026691147
3/6/2020 20:27,1.000313358,0.998394381
3/6/2020 20:37,0.998310735,0.974506671
3/6/2020 20:47,0.995783079,0.977725297
3/6/2020 20:57,1.004364911,1.004714426
3/6/2020 21:07,0.998478588,1.001940378
3/6/2020 21:17,0.999492441,0.997899215
3/6/2020 21:27,0.998674133,0.997390199
3/6/2020 21:37,0.999584388,0.985452014
3/6/2020 21:47,0.993460672,0.969735118
3/6/2020 21:57,0.999411141,1.000531385
3/6/2020 22:07,1.001251273,1.00444328
3/6/2020 22:17,1.004581666,0.984603553
3/6/2020 22:27,1.001929657,1.006635034
3/6/2020 22:37,1.002499447,0.985934535
3/6/2020 22:47,0.999483603,0.982025161
3/6/2020 22:57,0.996631056,0.982850242
3/6/2020 23:07,0.996942865,1.004930282
3/6/2020 23:18,1.00178177,1.002715862
3/6/2020 23:27,0.99910504,1.002372935
3/6/2020 23:37,1.002908237,1.005170628
3/6/2020 23:47,1.003740156,1.002782354
3/6/2020 23:57,0.996973535,0.979857431
3/7/2020 0:07,1.001906404,0.98023617
3/7/2020 0:17,0.999364065,0.998450543
3/7/2020 0:27,0.998832702,1.005684914
3/7/2020 0:37,1.002110072,0.998249286
3/7/2020 0:47,0.998447192,0.995428498
3/7/2020 0:57,0.998629052,1.005222146
3/7/2020 1:07,1.001771152,1.005145847
3/7/2020 1:17,1.000041522,1.003640827
3/7/2020 1:27,0.994854616,0.997899174
3/7/2020 1:37,0.994346916,1.004054239
3/7/2020 1:47,0.99504638,1.000156176
3/7/2020 1:57,1.00227649,1.001819163
3/7/2020 2:07,1.004091589,1.007777804
3/7/2020 2:17,0.998813751,1.004156265
3/7/2020 2:28,0.999877463,0.998111047
3/7/2020 2:37,0.995674841,0.998433765
3/7/2020 2:47,1.000967595,0.998735686
3/7/2020 2:57,0.999357864,0.996334978
3/7/2020 3:07,0.999049321,1.004362789
3/7/2020 3:17,0.999776804,0.996082378
3/7/2020 3:27,0.998183342,0.996104897
3/7/2020 3:38,1.001101083,0.99406824
3/7/2020 3:47,0.999988923,1.005574357
3/7/2020 3:57,1.00118307,1.001228828
3/7/2020 4:07,1.002684796,0.993414005
3/7/2020 4:17,0.99913197,1.004689473
3/7/2020 4:27,1.006315581,0.986617163
3/7/2020 4:37,1.005583532,1.005954222
3/7/2020 4:47,0.998494954,1.009276074
3/7/2020 4:57,1.000891402,0.998488282
